job_title,role_clean,seniority_clean,company_name_clean,company_rating,industry,sector,city,state,company_size_clean,company_founded_year,company_revenue,min_salary_usd,max_salary_usd,avg_salary_usd,salary_outlier,description_length,skill_Python,skill_SQL,skill_Excel,skill_Tableau,skill_Power_BI,skill_Spark,skill_Hadoop,skill_AWS,skill_Azure,skill_GCP,skill_Machine_Learning,skill_Deep_Learning,skill_TensorFlow,skill_PyTorch,skill_Java,skill_SAS,skill_Scala,skill_NLP,skill_Statistics,skill_Docker,skill_Kubernetes,skill_Git,skill_NoSQL,skill_ETL,skill_A/B_Testing,skill_R
Data Scientist,Data Scientist,Not specified,Tecolote Research,3.8,Aerospace & Defense,Aerospace & Defense,Albuquerque,NM,501 to 1000 employees,1973.0,$50 to $100 million (USD),53000,91000,72000.0,False,2536,1,0,1,1,1,0,0,0,0,0,1,0,0,0,0,1,0,0,0,0,0,0,0,0,0,0
Healthcare Data Scientist,Data Scientist,Not specified,University of Maryland Medical System,3.4,Health Care Services & Hospitals,Health Care,Linthicum,MD,10000+ employees,1984.0,$2 to $5 billion (USD),63000,112000,87500.0,False,4783,1,0,0,0,0,0,0,0,0,0,1,0,0,0,1,0,0,1,1,0,0,0,0,0,0,0
Data Scientist,Data Scientist,Not specified,KnowBe4,4.8,Security Services,Business Services,Clearwater,FL,501 to 1000 employees,2010.0,$100 to $500 million (USD),80000,90000,85000.0,False,3461,1,1,1,0,0,1,0,0,0,0,1,0,0,0,0,1,0,0,1,0,0,0,0,0,0,0
Data Scientist,Data Scientist,Not specified,PNNL,3.8,Energy,"Oil, Gas, Energy & Utilities",Richland,WA,1001 to 5000 employees,1965.0,$500 million to $1 billion (USD),56000,97000,76500.0,False,3883,1,0,0,0,0,0,0,0,0,0,1,1,0,0,0,0,0,0,1,0,0,0,0,0,0,0
Data Scientist,Data Scientist,Not specified,Affinity Solutions,2.9,Advertising & Marketing,Business Services,New York,NY,51 to 200 employees,1998.0,Unknown / Non-Applicable,86000,143000,114500.0,False,2728,1,1,1,0,0,0,0,0,0,0,1,0,0,0,0,1,0,0,1,0,0,0,0,0,0,0
Data Scientist,Data Scientist,Not specified,CyrusOne,3.4,Real Estate,Real Estate,Dallas,TX,201 to 500 employees,2000.0,$1 to $2 billion (USD),71000,119000,95000.0,False,3747,1,1,1,0,1,0,0,1,1,0,1,0,0,0,0,0,0,0,1,0,0,1,0,0,0,0
Data Scientist,Data Scientist,Not specified,ClearOne Advantage,4.1,Banks & Credit Unions,Finance,Baltimore,MD,501 to 1000 employees,2008.0,Unknown / Non-Applicable,54000,93000,73500.0,False,1786,0,0,1,0,0,0,0,0,0,0,0,0,0,0,0,0,0,0,1,0,0,0,0,0,0,0
Data Scientist,Data Scientist,Not specified,Logic20/20,3.8,Consulting,Business Services,San Jose,CA,201 to 500 employees,2005.0,$25 to $50 million (USD),86000,142000,114000.0,False,3804,1,1,1,0,0,1,0,1,0,0,1,0,1,1,0,0,0,0,1,0,0,0,0,0,0,0
Research Scientist,Other/Unspecified,Not specified,Rochester Regional Health,3.3,Health Care Services & Hospitals,Health Care,Rochester,NY,10000+ employees,2014.0,$500 million to $1 billion (USD),38000,84000,61000.0,False,1538,0,0,0,0,0,0,0,0,0,0,0,0,0,0,0,0,0,0,0,0,0,0,0,0,0,0
Data Scientist,Data Scientist,Not specified,<intent>,4.6,Internet,Information Technology,New York,NY,51 to 200 employees,2009.0,$100 to $500 million (USD),120000,160000,140000.0,False,4574,1,0,0,0,0,1,0,0,0,0,1,0,0,0,1,0,1,0,1,0,0,0,0,0,1,0
Data Scientist,Data Scientist,Not specified,Wish,3.5,Other Retail Stores,Retail,San Jose,CA,501 to 1000 employees,2011.0,$1 to $2 billion (USD),126000,201000,163500.0,False,2757,1,0,0,0,0,0,0,0,0,0,1,0,0,0,0,0,0,0,1,0,0,0,0,0,0,0
Data Scientist,Data Scientist,Not specified,ManTech,4.1,Research & Development,Business Services,Chantilly,VA,5001 to 10000 employees,1968.0,$1 to $2 billion (USD),64000,106000,85000.0,False,3490,0,1,0,0,0,0,1,0,0,0,1,0,0,0,0,0,0,0,1,0,0,0,0,0,0,0
Staff Data Scientist - Technology,Data Scientist,Not specified,Walmart,3.2,"Department, Clothing, & Shoe Stores",Retail,Plano,TX,10000+ employees,1962.0,$10+ billion (USD),106000,172000,139000.0,False,3934,0,0,0,0,0,0,1,0,0,0,0,0,0,0,0,0,0,0,1,0,0,0,0,0,0,0
Data Analyst,Analyst,Not specified,Yesler,4.1,Advertising & Marketing,Business Services,Seattle,WA,201 to 500 employees,2012.0,Unknown / Non-Applicable,46000,85000,65500.0,False,4897,1,1,1,1,1,1,0,1,1,0,0,0,0,0,0,0,0,0,1,0,0,0,0,1,0,0
Data Scientist,Data Scientist,Not specified,Takeda Pharmaceuticals,3.7,Biotech & Pharmaceuticals,Biotech & Pharmaceuticals,Cambridge,MA,10000+ employees,1781.0,$10+ billion (USD),83000,144000,113500.0,False,3731,1,1,0,0,0,1,0,0,0,0,1,1,1,0,1,0,1,0,0,0,0,0,1,0,0,0
Data Engineer I,Data Engineer,Not specified,Audible,3.6,Motion Picture Production & Distribution,Media,Newark,NJ,1001 to 5000 employees,1995.0,Unknown / Non-Applicable,102000,190000,146000.0,False,1889,0,0,1,0,0,0,0,0,0,0,0,0,0,0,0,0,0,0,0,0,0,0,0,0,0,0
"Scientist I/II, Biology",Other/Unspecified,Not specified,Blueprint Medicines,3.9,Biotech & Pharmaceuticals,Biotech & Pharmaceuticals,Cambridge,MA,51 to 200 employees,2011.0,$1 to $5 million (USD),67000,137000,102000.0,False,3639,0,0,1,0,0,0,0,0,0,0,0,0,0,0,0,0,0,0,0,0,0,0,0,0,0,0
Customer Data Scientist,Data Scientist,Not specified,h2o.ai,4.3,Enterprise Software & Network Solutions,Information Technology,Mountain View,CA,201 to 500 employees,2011.0,Unknown / Non-Applicable,118000,189000,153500.0,False,4163,1,0,1,0,0,1,1,1,1,1,1,0,0,0,0,0,0,0,1,0,0,0,0,0,0,0
Data Scientist - Health Data Analytics,Data Scientist,Not specified,Nuna,4.2,Enterprise Software & Network Solutions,Information Technology,San Francisco,CA,51 to 200 employees,2010.0,Unknown / Non-Applicable,110000,175000,142500.0,False,3512,0,1,0,0,0,0,0,0,0,0,1,0,0,0,0,0,0,0,1,0,0,0,0,0,0,0
Data Scientist,Data Scientist,Not specified,Pinnacol Assurance,4.0,Insurance Carriers,Insurance,Denver,CO,501 to 1000 employees,1915.0,$500 million to $1 billion (USD),64000,111000,87500.0,False,4397,1,1,1,0,0,0,0,0,0,1,1,0,1,1,0,0,0,0,0,0,0,0,0,0,0,0
Data Scientist,Data Scientist,Not specified,Porch,3.2,Internet,Information Technology,Seattle,WA,201 to 500 employees,2012.0,Unknown / Non-Applicable,81000,130000,105500.0,False,2918,1,1,0,0,0,1,0,0,0,1,1,0,0,0,0,0,1,0,1,0,0,0,0,0,1,0
Senior Data Scientist / Machine Learning,Data Scientist,Senior,Health IQ,3.9,Insurance Agencies & Brokerages,Insurance,Dallas,TX,201 to 500 employees,2013.0,Unknown / Non-Applicable,73000,119000,96000.0,False,6909,0,0,1,0,0,0,0,0,0,0,1,0,0,0,0,0,0,1,1,0,0,0,0,0,0,0
Data Scientist - Quantitative,Data Scientist,Not specified,Truckstop.com,3.8,Logistics & Supply Chain,Transportation & Logistics,Chicago,IL,501 to 1000 employees,1995.0,Unknown / Non-Applicable,86000,139000,112500.0,False,6408,1,1,1,0,0,0,0,1,0,0,1,0,0,0,0,0,0,0,1,0,0,0,0,0,0,0
Data Scientist,Data Scientist,Not specified,SMC 3,4.3,Logistics & Supply Chain,Transportation & Logistics,Louisville,KY,51 to 200 employees,1935.0,$10 to $25 million (USD),63000,105000,84000.0,False,2907,1,1,1,1,0,0,0,0,0,0,0,0,0,0,0,0,0,0,1,0,0,0,0,0,0,0
Data Scientist,Data Scientist,Not specified,Novetta,4.0,Enterprise Software & Network Solutions,Information Technology,Herndon,VA,501 to 1000 employees,2012.0,$100 to $500 million (USD),109000,177000,143000.0,False,3760,1,0,0,0,0,0,0,1,0,0,1,1,1,0,1,0,0,1,1,0,0,0,0,0,0,0
Digital Health Data Scientist,Data Scientist,Not specified,Pfizer,4.0,Biotech & Pharmaceuticals,Biotech & Pharmaceuticals,Cambridge,MA,10000+ employees,1849.0,$10+ billion (USD),63000,110000,86500.0,False,3698,1,0,1,0,0,0,0,1,0,0,1,0,0,0,0,0,0,0,0,0,0,0,0,0,0,0
Data Scientist,Data Scientist,Not specified,First Tech Federal Credit Union,3.5,Banks & Credit Unions,Finance,Hillsboro,OR,1001 to 5000 employees,1952.0,$100 to $500 million (USD),75000,124000,99500.0,False,4420,1,1,1,1,0,1,0,1,0,0,1,0,1,0,0,0,0,1,1,1,1,1,0,0,0,0
Associate Data Analyst,Analyst,Not specified,The Hanover Insurance Group,3.7,Insurance Carriers,Insurance,Worcester,MA,5001 to 10000 employees,1852.0,$5 to $10 billion (USD),34000,61000,47500.0,False,4900,0,0,1,0,0,0,0,0,0,0,0,0,0,0,0,0,0,0,0,0,0,0,0,0,0,0
Clinical Data Scientist,Data Scientist,Not specified,Pfizer,4.0,Biotech & Pharmaceuticals,Biotech & Pharmaceuticals,Groton,CT,10000+ employees,1849.0,$10+ billion (USD),63000,105000,84000.0,False,5015,0,0,1,0,0,0,0,1,0,1,0,0,0,0,0,0,0,0,0,0,0,0,0,0,0,0
Data Scientist,Data Scientist,Not specified,Amrock,3.6,Real Estate,Real Estate,Detroit,MI,1001 to 5000 employees,1997.0,$500 million to $1 billion (USD),72000,120000,96000.0,False,3342,1,1,0,0,0,0,0,0,0,0,1,0,0,0,1,1,0,0,1,0,0,0,0,0,0,0
Data Scientist / Machine Learning Expert,Data Scientist,Not specified,Novartis,3.8,Biotech & Pharmaceuticals,Biotech & Pharmaceuticals,Cambridge,MA,10000+ employees,1996.0,$10+ billion (USD),86000,143000,114500.0,False,5045,1,0,0,0,0,0,0,0,0,0,1,0,0,1,0,0,0,0,1,0,0,1,0,0,0,0
Data Scientist,Data Scientist,Not specified,Juniper Networks,3.8,Telecommunications Services,Telecommunications,Sunnyvale,CA,5001 to 10000 employees,1996.0,$2 to $5 billion (USD),93000,149000,121000.0,False,2327,1,1,1,0,0,1,0,0,0,0,1,1,1,0,0,0,0,0,0,0,0,0,0,0,0,0
Data Scientist,Data Scientist,Not specified,New England Biolabs,4.7,Biotech & Pharmaceuticals,Biotech & Pharmaceuticals,Ipswich,MA,201 to 500 employees,1974.0,Unknown / Non-Applicable,85000,140000,112500.0,False,2161,1,0,1,0,0,0,0,0,0,0,0,0,0,0,0,0,0,0,0,0,1,0,0,0,0,0
Web Data Analyst,Analyst,Not specified,Clarity Insights,4.2,IT Services,Information Technology,San Jose,CA,201 to 500 employees,2008.0,Unknown / Non-Applicable,77000,135000,106000.0,False,1739,1,1,1,1,1,0,0,0,0,0,0,0,0,0,0,0,0,0,1,0,0,0,0,0,1,0
Data Scientist,Data Scientist,Not specified,Esri,3.5,Computer Hardware & Software,Information Technology,Redlands,CA,1001 to 5000 employees,1969.0,$1 to $2 billion (USD),82000,132000,107000.0,False,5000,1,0,0,1,0,1,1,1,1,0,1,1,0,0,1,0,1,0,1,1,1,1,0,0,0,0
Data Scientist,Data Scientist,Not specified,Systems & Technology Research,4.7,Aerospace & Defense,Aerospace & Defense,Woburn,MA,201 to 500 employees,2010.0,$100 to $500 million (USD),83000,137000,110000.0,False,3703,1,1,1,0,0,1,1,0,0,0,1,1,1,1,0,0,0,0,1,0,0,0,0,0,0,0
Senior Data Scientist,Data Scientist,Senior,Sartorius,3.5,Biotech & Pharmaceuticals,Biotech & Pharmaceuticals,Fremont,CA,5001 to 10000 employees,1870.0,$1 to $2 billion (USD),115000,180000,147500.0,False,3555,1,0,1,0,0,0,0,0,0,0,1,0,0,0,0,0,0,0,1,0,0,0,0,0,0,0
Data Engineer,Data Engineer,Not specified,Lancer Insurance,3.5,Insurance Carriers,Insurance,Long Beach,NY,201 to 500 employees,1985.0,$100 to $500 million (USD),74000,138000,106000.0,False,1739,1,1,1,0,0,0,0,0,0,0,0,0,0,0,0,0,0,0,1,0,0,0,0,1,0,0
Data Analyst,Analyst,Not specified,Sauce Labs,4.2,IT Services,Information Technology,San Francisco,CA,201 to 500 employees,2008.0,$50 to $100 million (USD),64000,112000,88000.0,False,3053,1,1,1,1,0,0,0,1,0,0,0,0,0,0,0,0,0,0,0,0,0,0,0,0,0,0
Data Engineer,Data Engineer,Not specified,Persivia,3.6,-1,-1,Marlborough,MA,1 to 50 employees,,Less than $1 million (USD),68000,129000,98500.0,False,1996,0,1,1,0,0,0,0,0,0,0,0,0,0,0,1,0,0,0,0,0,0,0,0,0,0,0
Data Scientist - Algorithms & Inference,Data Scientist,Not specified,Nuna,4.2,Enterprise Software & Network Solutions,Information Technology,San Francisco,CA,51 to 200 employees,2010.0,Unknown / Non-Applicable,110000,175000,142500.0,False,3833,0,0,0,0,0,0,0,0,0,0,1,0,0,0,0,0,0,0,1,0,0,0,0,0,0,0
Scientist,Other/Unspecified,Not specified,Edgewell Personal Care,3.4,Consumer Products Manufacturing,Manufacturing,Allendale,NJ,5001 to 10000 employees,2015.0,$2 to $5 billion (USD),52000,113000,82500.0,False,3550,0,0,0,0,0,0,0,1,0,0,0,0,0,0,0,0,0,0,1,0,0,0,0,0,0,0
Senior Data Scientist,Data Scientist,Senior,Equity Residential,4.3,Real Estate,Real Estate,Chicago,IL,1001 to 5000 employees,1993.0,$2 to $5 billion (USD),110000,150000,130000.0,False,9120,1,1,1,1,1,1,1,0,0,0,1,1,0,0,0,0,0,1,1,0,0,0,0,0,0,0
Data Scientist,Data Scientist,Not specified,BPA Services,5.0,Enterprise Software & Network Solutions,Information Technology,Washington,DC,Unknown,,Unknown / Non-Applicable,150000,160000,155000.0,False,3213,0,0,1,0,0,0,0,1,0,0,0,0,0,0,0,0,0,0,1,0,0,0,0,0,0,0
Lead Data Scientist,Data Scientist,Senior,Visa Inc.,3.7,IT Services,Information Technology,Bellevue,WA,10000+ employees,1958.0,$10+ billion (USD),158000,211000,184500.0,False,7286,1,1,1,1,0,0,0,0,0,0,1,0,0,0,0,1,0,0,1,0,0,0,0,0,0,0
Associate Data Analyst,Analyst,Not specified,Intrado,3.1,Enterprise Software & Network Solutions,Information Technology,Longmont,CO,5001 to 10000 employees,1986.0,$2 to $5 billion (USD),20000,39000,29500.0,False,3412,0,0,1,0,0,0,0,0,0,0,0,0,0,0,0,0,0,0,0,0,0,0,0,0,0,0
Spectral Scientist/Engineer,Other/Unspecified,Not specified,Centauri,4.7,Aerospace & Defense,Aerospace & Defense,Beavercreek,OH,501 to 1000 employees,1999.0,$100 to $500 million (USD),56000,117000,86500.0,False,2682,0,0,0,0,0,0,0,0,0,0,0,0,0,0,0,0,0,0,0,0,0,0,0,0,0,0
College Hire - Data Scientist - Open to December 2019 Graduates,Data Scientist,Not specified,Caterpillar,3.7,Industrial Manufacturing,Manufacturing,Peoria,IL,10000+ employees,1925.0,$10+ billion (USD),63000,99000,81000.0,False,2739,0,0,0,1,0,0,0,0,0,0,0,0,0,0,1,0,0,0,1,0,0,0,0,1,0,0
Data Scientist,Data Scientist,Not specified,Zimmerman Advertising,3.8,Advertising & Marketing,Business Services,Fort Lauderdale,FL,501 to 1000 employees,1984.0,Unknown / Non-Applicable,68000,114000,91000.0,False,2915,1,1,1,1,0,0,1,0,0,0,1,0,0,0,0,0,0,0,1,0,0,0,1,0,0,0
"Data Scientist, Office of Data Science",Data Scientist,Not specified,Liberty Mutual Insurance,3.3,Insurance Carriers,Insurance,Boston,MA,10000+ employees,1912.0,$10+ billion (USD),86000,143000,114500.0,False,4244,1,0,0,0,0,0,0,0,0,0,1,1,0,0,0,0,0,1,1,0,0,0,0,0,0,0
Data Science Analyst,Analyst,Not specified,"Torch Technologies, Inc.",4.6,Aerospace & Defense,Aerospace & Defense,Huntsville,AL,1001 to 5000 employees,2002.0,$100 to $500 million (USD),41000,95000,68000.0,False,1629,1,0,1,1,0,0,0,0,0,0,0,0,0,0,0,0,0,0,0,0,0,0,0,0,0,0
Data Scientist,Data Scientist,Not specified,Swiss Re,3.7,Insurance Agencies & Brokerages,Insurance,Armonk,NY,10000+ employees,1863.0,$10+ billion (USD),86000,144000,115000.0,False,4734,1,1,1,0,0,0,0,0,0,0,1,0,0,0,1,0,0,1,1,0,0,0,0,0,0,0
Data Scientist,Data Scientist,Not specified,Northrop Grumman,3.7,Aerospace & Defense,Aerospace & Defense,San Diego,CA,10000+ employees,1939.0,$10+ billion (USD),80000,139000,109500.0,False,4448,0,1,1,1,0,0,0,0,0,0,0,0,0,0,0,0,0,0,1,0,0,0,0,0,0,0
Data Scientist,Data Scientist,Not specified,Sartorius,3.5,Biotech & Pharmaceuticals,Biotech & Pharmaceuticals,Albuquerque,NM,5001 to 10000 employees,1870.0,$1 to $2 billion (USD),56000,95000,75500.0,False,3543,1,0,1,0,0,0,0,0,0,0,1,0,0,0,0,0,0,0,1,0,0,0,0,0,0,0
Data Scientist,Data Scientist,Not specified,Netskope,4.1,Enterprise Software & Network Solutions,Information Technology,San Francisco,CA,501 to 1000 employees,2012.0,Unknown / Non-Applicable,120000,189000,154500.0,False,4203,1,0,1,0,0,1,0,0,0,0,1,0,1,0,0,0,0,1,1,0,0,0,0,0,0,0
Data Scientist,Data Scientist,Not specified,1904labs,4.7,IT Services,Information Technology,Saint Louis,MO,51 to 200 employees,2016.0,Unknown / Non-Applicable,111000,176000,143500.0,False,5020,1,1,0,0,0,1,0,0,0,0,1,0,1,0,0,0,0,0,1,0,0,0,0,0,0,0
Senior Data Scientist,Data Scientist,Senior,The David J. Joseph Company,4.4,Metals Brokers,Mining & Metals,Cincinnati,OH,201 to 500 employees,1885.0,Unknown / Non-Applicable,82000,132000,107000.0,False,4804,1,1,0,1,1,0,0,1,0,0,1,0,0,0,0,0,0,0,1,0,0,0,0,1,0,0
Data Scientist,Data Scientist,Not specified,USEReady,4.3,Consulting,Business Services,New York,NY,201 to 500 employees,2011.0,$10 to $25 million (USD),84000,146000,115000.0,False,1382,1,1,0,1,0,1,1,1,1,1,1,0,0,0,0,0,0,1,1,0,0,0,0,0,0,0
Senior Risk Data Scientist,Data Scientist,Senior,Bill.com,3.8,Financial Transaction Processing,Finance,Palo Alto,CA,501 to 1000 employees,2006.0,$50 to $100 million (USD),107000,172000,139500.0,False,2933,0,1,0,0,0,0,0,0,0,0,1,0,0,0,0,1,0,0,1,0,0,0,0,0,0,0
Data Scientist in Artificial Intelligence Early Career,Data Scientist,Not specified,Pacific Northwest National Laboratory,3.8,Energy,"Oil, Gas, Energy & Utilities",Richland,WA,1001 to 5000 employees,1965.0,$500 million to $1 billion (USD),49000,85000,67000.0,False,4945,0,0,0,0,0,0,0,0,0,0,1,1,1,1,0,0,0,1,0,0,0,0,0,0,0,0
Data Scientist,Data Scientist,Not specified,DICK'S Sporting Goods - Corporate,3.8,Sporting Goods Stores,Retail,Coraopolis,PA,10000+ employees,1948.0,$5 to $10 billion (USD),61000,109000,85000.0,False,2493,1,1,0,0,0,0,0,0,0,0,1,1,1,1,0,0,0,0,1,0,1,0,0,0,0,0
Data Scientist,Data Scientist,Not specified,Berg Health,2.8,Biotech & Pharmaceuticals,Biotech & Pharmaceuticals,Framingham,MA,51 to 200 employees,2006.0,$1 to $5 million (USD),88000,148000,118000.0,False,1939,1,0,1,0,0,0,0,0,0,0,0,0,0,0,0,0,1,0,1,0,0,0,0,0,0,0
Data Scientist,Data Scientist,Not specified,Oversight Systems,4.7,Computer Hardware & Software,Information Technology,Atlanta,GA,51 to 200 employees,2003.0,$25 to $50 million (USD),60000,99000,79500.0,False,3081,1,1,1,0,0,0,0,0,0,0,1,1,0,1,0,0,0,0,0,0,0,0,0,1,0,0
Data Scientist - Research,Data Scientist,Not specified,C Space,3.1,Advertising & Marketing,Business Services,Boston,MA,201 to 500 employees,1999.0,$100 to $500 million (USD),41000,72000,56500.0,False,8397,1,1,0,1,0,0,0,0,0,0,1,0,0,0,0,0,0,0,1,0,0,0,0,1,0,0
Data Scientist,Data Scientist,Not specified,"Numeric, LLC",3.2,Staffing & Outsourcing,Business Services,Philadelphia,PA,1 to 50 employees,,$5 to $10 million (USD),96000,161000,128500.0,False,2306,1,1,0,0,0,1,1,1,0,0,1,0,0,0,0,0,0,0,1,0,0,0,0,0,0,0
R&D Data Analysis Scientist,Other/Unspecified,Not specified,HP Inc.,4.0,Computer Hardware & Software,Information Technology,Vancouver,WA,10000+ employees,1939.0,Unknown / Non-Applicable,65000,130000,97500.0,False,2291,0,0,0,0,0,0,0,0,0,0,0,0,0,0,0,0,0,0,1,0,0,0,0,0,0,0
Analytics Consultant,Other/Unspecified,Not specified,SpringML,4.4,Enterprise Software & Network Solutions,Information Technology,Indianapolis,IN,1 to 50 employees,2015.0,Unknown / Non-Applicable,52000,81000,66500.0,False,1886,1,0,0,1,0,0,0,0,0,0,0,0,0,0,1,0,0,0,1,0,0,0,0,0,0,0
"Director, Data Science",Director,Not specified,Grainger,3.6,Wholesale,Business Services,Lake Forest,IL,10000+ employees,1927.0,$10+ billion (USD),139000,220000,179500.0,False,2903,1,1,1,0,0,0,0,0,0,0,1,0,0,0,0,1,0,0,1,0,0,0,0,0,0,0
Scientist,Other/Unspecified,Not specified,EAG Laboratories,2.7,Research & Development,Business Services,Maryland Heights,MO,501 to 1000 employees,1978.0,$50 to $100 million (USD),50000,102000,76000.0,False,2653,0,0,1,0,0,0,0,0,0,0,0,0,0,0,0,0,0,0,0,0,0,0,0,0,0,0
Data Scientist SR,Data Scientist,Senior,The Buffalo Group,3.9,IT Services,Information Technology,Charlottesville,VA,501 to 1000 employees,2010.0,$100 to $500 million (USD),85000,139000,112000.0,False,4427,1,1,0,0,0,1,1,0,0,0,1,0,0,0,1,0,0,0,1,0,0,0,1,1,0,0
Data Scientist,Data Scientist,Not specified,Carmeuse,3.1,Mining,Mining & Metals,Pittsburgh,PA,1001 to 5000 employees,1860.0,$1 to $2 billion (USD),74000,122000,98000.0,False,2609,1,0,0,0,0,0,0,0,1,0,1,0,0,0,0,0,0,0,1,0,0,0,0,0,0,0
R&D Sr Data Scientist,Data Scientist,Senior,HP Inc.,4.0,Computer Hardware & Software,Information Technology,Vancouver,WA,10000+ employees,1939.0,Unknown / Non-Applicable,99000,157000,128000.0,False,4295,0,1,0,0,0,1,0,1,0,0,1,1,1,0,0,0,0,1,1,0,0,0,0,0,0,0
Customer Data Scientist/Sales Engineer (Bay,Data Scientist,Not specified,h2o.ai,4.3,Enterprise Software & Network Solutions,Information Technology,Mountain View,CA,201 to 500 employees,2011.0,Unknown / Non-Applicable,79000,222000,150500.0,False,3405,1,0,1,0,0,1,1,1,1,1,1,1,1,0,1,0,1,0,0,0,0,0,0,0,0,0
Research Scientist,Other/Unspecified,Not specified,GNS Healthcare,1.9,Biotech & Pharmaceuticals,Biotech & Pharmaceuticals,Cambridge,MA,51 to 200 employees,2000.0,$10 to $25 million (USD),57000,118000,87500.0,False,5153,0,0,0,0,0,0,0,1,0,0,1,0,0,0,0,0,0,0,1,0,0,0,0,0,0,0
Data Scientist,Data Scientist,Not specified,Peraton,3.3,Aerospace & Defense,Aerospace & Defense,Chantilly,VA,1001 to 5000 employees,2017.0,$1 to $2 billion (USD),83000,137000,110000.0,False,3381,1,0,1,0,0,0,1,0,0,0,1,0,0,0,1,0,0,1,1,0,0,0,0,0,0,0
Data Scientist,Data Scientist,Not specified,Pactera,4.4,IT Services,Information Technology,San Jose,CA,10000+ employees,1995.0,$500 million to $1 billion (USD),86000,141000,113500.0,False,879,1,0,1,0,0,0,0,0,0,0,1,1,0,0,0,0,0,0,0,0,0,0,0,0,0,0
Data Scientist,Data Scientist,Not specified,Nurx,3.9,Health Care Services & Hospitals,Health Care,San Francisco,CA,51 to 200 employees,2016.0,$1 to $5 million (USD),94000,154000,124000.0,False,4189,1,1,0,0,0,0,0,0,0,0,1,0,0,0,0,0,1,0,1,0,0,0,0,0,1,0
Jr. Business Data Analyst,Analyst,Junior,webfx.com,4.7,Advertising & Marketing,Business Services,Harrisburg,PA,201 to 500 employees,1997.0,$25 to $50 million (USD),37000,76000,56500.0,False,4424,0,0,1,0,0,0,0,0,0,0,0,0,0,0,0,0,0,0,1,0,0,0,0,0,0,0
Data Scientist,Data Scientist,Not specified,Johns Hopkins University Applied Physics Laboratory,4.5,Aerospace & Defense,Aerospace & Defense,Laurel,MD,5001 to 10000 employees,1942.0,$1 to $2 billion (USD),100000,160000,130000.0,False,2996,1,0,1,0,0,0,0,0,0,0,1,1,0,0,0,0,0,0,1,0,0,0,0,0,0,0
Data Analyst,Analyst,Not specified,Productive Edge,4.3,Computer Hardware & Software,Information Technology,Chicago,IL,51 to 200 employees,2008.0,$10 to $25 million (USD),55000,100000,77500.0,False,3682,0,1,1,0,0,0,0,0,0,0,1,0,0,0,1,0,0,0,0,0,0,0,0,0,0,0
Data Engineer,Data Engineer,Not specified,Excella Consulting,4.0,Consulting,Business Services,Arlington,VA,201 to 500 employees,2002.0,$50 to $100 million (USD),60000,114000,87000.0,False,3819,1,0,1,0,0,0,0,1,0,0,0,0,0,0,0,0,0,0,0,0,0,1,1,0,0,0
Data Analyst,Analyst,Not specified,Gensco,4.4,Wholesale,Business Services,Tacoma,WA,501 to 1000 employees,1948.0,$100 to $500 million (USD),39000,68000,53500.0,False,1791,0,0,1,0,0,0,0,0,0,0,0,0,0,0,0,0,0,0,1,0,0,0,0,0,0,0
Data Scientist,Data Scientist,Not specified,goTRG,4.2,Enterprise Software & Network Solutions,Information Technology,Miami,FL,501 to 1000 employees,2008.0,$100 to $500 million (USD),64000,107000,85500.0,False,3204,1,1,1,0,0,1,1,0,0,0,1,0,0,0,1,0,1,0,1,0,0,0,0,0,0,0
Data Management Specialist,Other/Unspecified,Not specified,NMR Consulting,4.5,IT Services,Information Technology,Huntsville,AL,51 to 200 employees,1996.0,$25 to $50 million (USD),31000,65000,48000.0,False,2253,0,1,1,0,0,0,1,0,0,0,0,0,0,0,0,0,0,0,0,0,0,0,0,0,0,0
E-Commerce Data Analyst,Analyst,Not specified,iSeatz,3.5,Enterprise Software & Network Solutions,Information Technology,New Orleans,LA,51 to 200 employees,1999.0,Unknown / Non-Applicable,34000,62000,48000.0,False,2772,0,1,1,0,0,0,0,0,0,0,0,0,0,0,0,0,0,0,0,0,0,0,0,0,0,0
Sr. Scientist II,Other/Unspecified,Senior,Nektar Therapeutics,3.5,Biotech & Pharmaceuticals,Biotech & Pharmaceuticals,San Francisco,CA,201 to 500 employees,1990.0,$100 to $500 million (USD),117000,231000,174000.0,False,4751,0,0,1,0,0,0,0,0,0,0,0,0,0,0,0,0,0,0,1,0,0,0,0,0,0,0
Insurance Data Scientist,Data Scientist,Not specified,TransUnion,3.9,Financial Analytics & Research,Finance,Atlanta,GA,5001 to 10000 employees,1968.0,$1 to $2 billion (USD),64000,106000,85000.0,False,2380,1,1,0,0,0,1,0,0,0,0,1,0,0,0,0,1,0,0,1,0,0,0,0,0,0,0
Data Modeler,Other/Unspecified,Not specified,IT Concepts,4.7,IT Services,Information Technology,Landover,MD,51 to 200 employees,2003.0,$10 to $25 million (USD),79000,134000,106500.0,False,2723,0,0,0,0,0,0,0,0,0,0,0,0,0,0,0,0,0,0,0,0,0,0,0,0,0,0
Data Analyst / Scientist,Analyst,Not specified,Scientific Research Corporation,4.2,IT Services,Information Technology,Patuxent River,MD,1001 to 5000 employees,1988.0,$100 to $500 million (USD),52000,93000,72500.0,False,2337,0,0,1,0,0,0,0,0,0,0,0,0,0,0,0,0,0,0,1,0,0,0,0,0,0,0
Scientist,Other/Unspecified,Not specified,General Dynamics Information Technology,3.4,IT Services,Information Technology,Suitland,MD,10000+ employees,1996.0,$10+ billion (USD),55000,116000,85500.0,False,4088,0,0,0,0,0,0,0,0,0,0,0,0,0,0,0,0,0,0,0,0,0,0,0,0,0,0
Data Scientist,Data Scientist,Not specified,MITRE,3.2,Federal Agencies,Government,McLean,VA,5001 to 10000 employees,1958.0,$1 to $2 billion (USD),72000,123000,97500.0,False,5342,1,1,1,1,1,0,0,0,0,0,0,0,0,0,1,1,0,0,0,0,0,0,0,0,0,0
Data Scientist,Data Scientist,Not specified,The Buffalo Group,3.9,IT Services,Information Technology,Fort Belvoir,VA,501 to 1000 employees,2010.0,$100 to $500 million (USD),74000,124000,99000.0,False,2588,1,0,1,1,0,0,0,0,0,0,0,0,0,0,0,0,0,0,1,0,0,0,0,0,0,0
Data Analyst,Analyst,Not specified,DentaQuest,3.1,Insurance Carriers,Insurance,Milwaukee,WI,1001 to 5000 employees,2001.0,$2 to $5 billion (USD),40000,73000,56500.0,False,4203,0,1,1,0,0,0,0,0,0,0,0,0,0,0,0,0,0,0,0,0,0,0,0,1,0,0
Lead Data Scientist,Data Scientist,Senior,Redjack,4.1,IT Services,Information Technology,Silver Spring,MD,1 to 50 employees,2007.0,Unknown / Non-Applicable,102000,164000,133000.0,False,5467,1,0,0,0,0,0,0,0,0,0,0,0,0,0,1,0,1,0,0,0,0,0,0,0,0,0
Data Scientist,Data Scientist,Not specified,7Park Data,3.8,Research & Development,Business Services,New York,NY,51 to 200 employees,2012.0,Unknown / Non-Applicable,89000,153000,121000.0,False,3443,1,0,0,0,0,1,0,0,0,0,1,0,1,1,0,0,1,0,1,0,0,0,0,0,0,0
Data Scientist,Data Scientist,Not specified,Rapid Response Monitoring,4.7,Security Services,Business Services,Syracuse,NY,501 to 1000 employees,1992.0,Unknown / Non-Applicable,61000,110000,85500.0,False,3316,1,1,0,0,0,0,0,0,0,0,0,0,0,0,0,0,0,0,1,0,0,0,0,0,0,0
"Data Scientist, Rice University",Data Scientist,Not specified,Trilogy Ed,4.3,Education Training Services,Education,Houston,TX,1001 to 5000 employees,2015.0,Unknown / Non-Applicable,65000,110000,87500.0,False,3717,1,1,0,0,0,0,0,0,0,0,1,0,1,0,0,0,0,0,0,0,0,0,1,0,0,0
Senior Data Scientist,Data Scientist,Senior,Gallup,4.2,Consulting,Business Services,Washington,DC,1001 to 5000 employees,1935.0,Unknown / Non-Applicable,200000,275000,237500.0,True,3301,1,0,1,0,0,0,0,0,0,0,1,0,0,0,0,0,0,1,1,0,0,0,0,0,0,0
Data Engineer,Data Engineer,Not specified,CapTech,3.9,IT Services,Information Technology,Charlotte,NC,1001 to 5000 employees,1997.0,$100 to $500 million (USD),68000,123000,95500.0,False,5483,1,1,0,1,0,1,0,0,0,0,0,0,0,0,1,0,1,0,1,0,0,1,0,1,0,0
Senior Data Scientist,Data Scientist,Senior,American Axle & Manufacturing,3.3,Transportation Equipment Manufacturing,Manufacturing,Southfield,MI,10000+ employees,1994.0,$5 to $10 billion (USD),80000,129000,104500.0,False,4753,1,1,1,0,1,1,0,1,0,0,1,0,0,0,0,0,0,0,1,0,0,0,0,1,0,0
Financial Data Analyst,Analyst,Not specified,CentralReach,4.7,Computer Hardware & Software,Information Technology,Matawan,NJ,201 to 500 employees,2012.0,Unknown / Non-Applicable,41000,72000,56500.0,False,5609,0,1,1,1,0,0,0,0,0,0,0,0,0,0,0,0,0,0,0,0,0,0,0,0,0,0
Senior Data Analyst,Analyst,Senior,Integrate,4.3,Enterprise Software & Network Solutions,Information Technology,Phoenix,AZ,201 to 500 employees,2010.0,$25 to $50 million (USD),39000,71000,55000.0,False,3209,0,1,1,0,1,0,0,0,1,0,0,0,0,0,0,0,0,0,0,0,0,0,0,0,0,0
Research Scientist,Other/Unspecified,Not specified,Boys Town Hospital,2.9,Health Care Services & Hospitals,Health Care,Omaha,NE,1001 to 5000 employees,1977.0,Unknown / Non-Applicable,38000,85000,61500.0,False,4917,0,0,1,0,0,0,0,0,0,0,0,0,0,0,0,0,0,0,0,0,0,0,0,0,0,0
Data Scientist,Data Scientist,Not specified,Demandbase,4.5,Computer Hardware & Software,Information Technology,San Francisco,CA,201 to 500 employees,2006.0,$100 to $500 million (USD),121000,193000,157000.0,False,5139,0,0,0,0,0,1,0,1,0,1,1,0,0,0,0,0,1,0,1,0,0,0,0,0,0,0
Data Engineer,Data Engineer,Not specified,Sapphire Digital,3.4,Internet,Information Technology,Lyndhurst,NJ,201 to 500 employees,2019.0,Unknown / Non-Applicable,54000,102000,78000.0,False,2232,1,1,0,0,0,0,0,0,0,0,0,0,0,0,0,0,0,0,0,0,0,0,0,1,0,0
Data Scientist,Data Scientist,Not specified,Formation,3.2,Enterprise Software & Network Solutions,Information Technology,San Francisco,CA,51 to 200 employees,2015.0,Unknown / Non-Applicable,102000,163000,132500.0,False,3158,0,0,1,0,0,1,0,0,0,0,1,0,1,0,0,0,0,0,1,0,0,0,0,0,0,0
Data Engineer,Data Engineer,Not specified,Autodesk,4.0,Computer Hardware & Software,Information Technology,San Francisco,CA,5001 to 10000 employees,1982.0,$2 to $5 billion (USD),76000,140000,108000.0,False,3443,1,1,0,0,0,1,1,0,0,0,0,0,0,0,1,0,1,0,1,1,1,0,0,1,0,0
Ag Data Scientist,Data Scientist,Not specified,Beck's Hybrids,4.6,Farm Support Services,Agriculture & Forestry,Atlanta,IN,501 to 1000 employees,1937.0,$50 to $100 million (USD),60000,101000,80500.0,False,741,0,0,0,0,0,0,0,0,0,0,0,0,0,0,0,0,0,0,0,0,0,0,0,0,0,0
Data Scientist,Data Scientist,Not specified,DrFirst,2.8,Health Care Services & Hospitals,Health Care,Rockville,MD,201 to 500 employees,2000.0,Unknown / Non-Applicable,82000,133000,107500.0,False,3899,1,0,0,0,0,0,0,0,0,0,1,0,0,0,0,0,0,1,1,0,0,1,0,0,0,0
Data Engineer,Data Engineer,Not specified,Object Partners,4.7,Consulting,Business Services,Minneapolis,MN,51 to 200 employees,1996.0,$25 to $50 million (USD),65000,125000,95000.0,False,2896,0,1,0,0,0,1,1,1,1,1,0,0,0,0,1,0,1,0,0,0,0,0,1,0,0,0
Data Scientist II,Data Scientist,Not specified,L.A. Care Health Plan,3.0,Health Care Services & Hospitals,Health Care,Los Angeles,CA,1001 to 5000 employees,1997.0,Unknown / Non-Applicable,91000,148000,119500.0,False,3947,1,1,0,1,0,1,0,0,0,0,1,1,0,0,0,1,0,0,1,0,0,0,0,0,0,0
Senior Data Engineer,Data Engineer,Senior,Red Ventures,3.2,Advertising & Marketing,Business Services,Charlotte,NC,1001 to 5000 employees,2000.0,$1 to $2 billion (USD),95000,173000,134000.0,False,2620,0,1,0,0,0,1,0,1,0,0,0,0,0,0,1,0,1,0,0,0,0,0,0,1,0,0
Data Scientist,Data Scientist,Not specified,Quick Base,4.4,Enterprise Software & Network Solutions,Information Technology,Cambridge,MA,201 to 500 employees,1999.0,Unknown / Non-Applicable,77000,124000,100500.0,False,4188,1,1,1,1,1,0,0,0,0,0,1,0,0,0,0,0,0,1,1,0,0,0,0,0,0,0
Data Scientist,Data Scientist,Not specified,The E.W. Scripps Company,3.5,TV Broadcast & Cable Networks,Media,Cincinnati,OH,1001 to 5000 employees,1878.0,$500 million to $1 billion (USD),80000,135000,107500.0,False,7231,1,0,0,1,0,0,0,0,0,0,0,0,0,0,0,0,0,0,1,0,0,0,0,0,1,0
Data Engineer,Data Engineer,Not specified,Upside Business Travel,4.0,Internet,Information Technology,Washington,DC,51 to 200 employees,2015.0,Unknown / Non-Applicable,85000,159000,122000.0,False,4064,1,1,0,0,0,1,0,1,0,0,1,0,0,0,1,0,1,0,0,1,1,0,0,0,0,0
Data Engineer,Data Engineer,Not specified,Equity Residential,4.3,Real Estate,Real Estate,Chicago,IL,1001 to 5000 employees,1993.0,$2 to $5 billion (USD),80000,105000,92500.0,False,8175,1,1,1,0,0,1,1,0,1,0,1,0,0,0,1,0,0,0,1,0,0,1,1,0,0,0
Data Analyst,Analyst,Not specified,Synagro,2.3,Research & Development,Business Services,Baltimore,MD,501 to 1000 employees,1986.0,$100 to $500 million (USD),43000,81000,62000.0,False,1822,0,1,1,0,0,0,0,0,0,0,0,0,0,0,0,0,0,0,0,0,0,0,0,0,0,0
Project Scientist,Other/Unspecified,Not specified,Alliance Source Testing,4.0,Architectural & Engineering Services,Business Services,Alabaster,AL,51 to 200 employees,2000.0,$25 to $50 million (USD),29000,50000,39500.0,False,2773,0,0,0,0,0,0,0,0,0,0,0,0,0,0,0,0,0,0,0,0,0,0,0,0,0,0
Data Scientist,Data Scientist,Not specified,Accuride International,3.6,Industrial Manufacturing,Manufacturing,Santa Fe Springs,CA,1001 to 5000 employees,1966.0,$100 to $500 million (USD),82000,133000,107500.0,False,3987,0,0,1,1,0,0,0,0,0,0,1,0,0,0,0,0,0,0,1,0,0,0,0,0,1,0
Data Analytics Manager,Manager,Not specified,Full Potential Solutions,3.8,Staffing & Outsourcing,Business Services,Kansas City,MO,501 to 1000 employees,2017.0,Unknown / Non-Applicable,26000,55000,40500.0,False,4154,1,1,1,1,0,0,0,1,1,1,0,0,0,0,0,0,0,0,1,0,0,0,0,0,0,0
Senior Machine Learning (ML) Engineer / Data Scientist - Cyber Security Analytics,Data Scientist,Senior,Visa Inc.,3.7,IT Services,Information Technology,Ashburn,VA,10000+ employees,1958.0,$10+ billion (USD),61000,118000,89500.0,False,5002,1,1,0,1,0,1,1,0,0,0,1,0,0,0,0,0,1,0,1,0,0,0,0,0,0,0
Data Scientist,Data Scientist,Not specified,Maven Wave Partners,4.4,Consulting,Business Services,Chicago,IL,201 to 500 employees,2008.0,$50 to $100 million (USD),60000,102000,81000.0,False,3154,1,1,1,1,0,0,1,1,1,1,1,0,0,0,1,0,0,0,1,0,0,0,0,0,0,0
Senior Data Scientist,Data Scientist,Senior,Novetta,4.0,Enterprise Software & Network Solutions,Information Technology,Herndon,VA,501 to 1000 employees,2012.0,$100 to $500 million (USD),112000,182000,147000.0,False,3698,1,0,0,0,0,0,0,1,0,0,1,1,1,0,1,0,0,1,1,0,0,0,0,0,0,0
Data Scientist,Data Scientist,Not specified,"First Command Financial Services, Inc.",3.2,Brokerage Services,Finance,Fort Worth,TX,1001 to 5000 employees,1958.0,$100 to $500 million (USD),64000,106000,85000.0,False,3991,1,1,1,1,1,0,0,0,0,0,1,1,0,0,0,1,1,1,1,0,0,0,0,0,0,0
Associate Scientist,Other/Unspecified,Not specified,Pharmavite,2.9,Consumer Products Manufacturing,Manufacturing,Valencia,CA,1001 to 5000 employees,1971.0,$1 to $2 billion (USD),51000,112000,81500.0,False,5619,0,0,1,0,0,0,0,0,0,0,0,0,0,0,0,0,0,0,0,0,0,0,0,0,0,0
"Scientist 2, QC Viral Vector",Other/Unspecified,Not specified,BioMarin Pharmaceutical,3.8,Biotech & Pharmaceuticals,Biotech & Pharmaceuticals,Novato,CA,1001 to 5000 employees,1997.0,$500 million to $1 billion (USD),113000,223000,168000.0,False,6275,0,0,1,0,0,0,0,0,0,0,0,0,0,0,0,0,0,0,0,0,0,0,0,0,0,0
Machine Learning Engineer,ML Engineer,Not specified,Stratagem Group,4.3,Aerospace & Defense,Aerospace & Defense,Aurora,CO,1 to 50 employees,2007.0,Unknown / Non-Applicable,72000,129000,100500.0,False,3549,1,0,1,0,0,1,1,1,0,0,1,1,1,0,1,0,0,0,1,1,0,0,0,0,0,0
Data Scientist/ML Engineer,Data Scientist,Not specified,PA Consulting,3.4,Consulting,Business Services,New York,NY,1001 to 5000 employees,1943.0,$100 to $500 million (USD),71000,123000,97000.0,False,7548,1,1,1,1,0,1,1,0,0,0,1,0,0,0,1,0,0,1,1,0,0,0,1,0,0,0
Data Engineer,Data Engineer,Not specified,Gridiron IT,5.0,IT Services,Information Technology,Tampa,FL,51 to 200 employees,2017.0,Unknown / Non-Applicable,120000,145000,132500.0,False,688,0,0,0,0,0,0,0,0,0,0,0,0,0,0,0,0,0,0,0,0,0,0,0,1,0,0
Data Engineer,Data Engineer,Not specified,Productive Edge,4.3,Computer Hardware & Software,Information Technology,Chicago,IL,51 to 200 employees,2008.0,$10 to $25 million (USD),80000,120000,100000.0,False,3055,0,1,1,0,0,1,0,0,1,1,1,0,0,0,1,0,0,0,0,0,0,0,1,0,0,0
Sr. Data Scientist,Data Scientist,Senior,Evolve Vacation Rental,3.7,Travel Agencies,Travel & Tourism,Denver,CO,201 to 500 employees,2011.0,Unknown / Non-Applicable,80000,130000,105000.0,False,3353,1,1,0,0,0,0,0,0,0,0,1,0,0,0,0,0,0,0,1,0,0,0,0,0,0,0
Data Engineer 4 - Contract,Data Engineer,Not specified,The Church of Jesus Christ of Latter-day Saints,4.2,Religious Organizations,Non-Profit,Riverton,UT,10000+ employees,,Unknown / Non-Applicable,59000,115000,87000.0,False,3066,0,0,1,0,0,0,0,1,1,0,0,0,0,0,0,0,0,0,0,0,0,0,0,1,0,0
Data Analyst - Asset Management,Analyst,Not specified,Maximus Real Estate Partners,4.3,Real Estate,Real Estate,San Francisco,CA,51 to 200 employees,2013.0,Unknown / Non-Applicable,71000,136000,103500.0,False,1806,0,1,1,0,0,0,0,0,0,0,0,0,0,0,0,0,0,0,1,0,0,0,0,0,0,0
Senior Research Scientist - Embedded System Development for DevOps,Other/Unspecified,Senior,Software Engineering Institute,2.6,Colleges & Universities,Education,Pittsburgh,PA,501 to 1000 employees,1984.0,Unknown / Non-Applicable,81000,167000,124000.0,False,6130,1,0,1,0,0,0,0,0,0,0,0,0,0,0,1,0,0,0,0,1,1,1,0,0,0,0
Data Scientist - Bioinformatics,Data Scientist,Not specified,PNNL,3.8,Energy,"Oil, Gas, Energy & Utilities",Richland,WA,1001 to 5000 employees,1965.0,$500 million to $1 billion (USD),49000,85000,67000.0,False,6844,1,0,0,0,0,0,0,0,0,0,0,0,0,0,0,0,0,0,1,0,0,0,0,0,0,0
Data Engineer,Data Engineer,Not specified,AVANADE,3.9,IT Services,Information Technology,Washington,DC,10000+ employees,2000.0,$2 to $5 billion (USD),60000,114000,87000.0,False,3217,0,0,0,0,0,0,0,0,1,0,1,0,0,0,0,0,0,0,1,0,0,0,0,0,0,0
Customer Data Scientist/Sales Engineer,Data Scientist,Not specified,h2o.ai,4.3,Enterprise Software & Network Solutions,Information Technology,Chicago,IL,201 to 500 employees,2011.0,Unknown / Non-Applicable,71000,204000,137500.0,False,3405,1,0,1,0,0,1,1,1,1,1,1,1,1,0,1,0,1,0,0,0,0,0,0,0,0,0
Lead Data Scientist,Data Scientist,Senior,PatientPoint,3.8,Advertising & Marketing,Business Services,Cincinnati,OH,201 to 500 employees,1987.0,$100 to $500 million (USD),75000,125000,100000.0,False,5526,1,1,1,0,1,0,0,0,0,0,1,1,0,0,0,0,0,0,1,0,0,0,1,0,1,0
MongoDB Data Engineer II,Data Engineer,Not specified,BlueCross BlueShield of Tennessee,3.8,Insurance Carriers,Insurance,Chattanooga,TN,5001 to 10000 employees,1945.0,$5 to $10 billion (USD),77000,136000,106500.0,False,5743,0,1,1,1,0,0,0,0,0,1,0,0,0,0,0,1,0,0,0,0,0,0,1,0,0,0
Senior Data Scientist Statistics,Data Scientist,Senior,PNNL,3.8,Energy,"Oil, Gas, Energy & Utilities",Richland,WA,1001 to 5000 employees,1965.0,$500 million to $1 billion (USD),74000,123000,98500.0,False,4904,0,0,0,0,0,0,0,0,0,0,1,0,0,0,0,0,0,0,1,0,0,0,0,0,0,0
Senior Data Analyst,Analyst,Senior,KnowBe4,4.8,Security Services,Business Services,Clearwater,FL,501 to 1000 employees,2010.0,$100 to $500 million (USD),44000,78000,61000.0,False,2934,1,1,1,0,0,0,0,0,0,0,0,0,0,0,0,0,0,0,1,0,0,0,0,0,0,0
Senior Spark Engineer (Data Science),Other/Unspecified,Senior,KSM Consulting,4.4,Consulting,Business Services,Indianapolis,IN,51 to 200 employees,2008.0,Unknown / Non-Applicable,65000,148000,106500.0,False,4127,1,1,0,0,0,1,0,1,1,1,1,0,0,0,1,0,1,0,0,0,0,0,1,0,0,0
Data Engineer,Data Engineer,Not specified,Cogo Labs,3.9,Internet,Information Technology,Cambridge,MA,51 to 200 employees,2005.0,Unknown / Non-Applicable,59000,110000,84500.0,False,2075,1,1,0,0,0,1,0,0,0,0,0,0,0,0,1,0,1,0,0,1,0,1,0,1,0,0
BI & Platform Analytics Manager,Manager,Not specified,Church & Dwight,3.4,Consumer Products Manufacturing,Manufacturing,Ewing,NJ,1001 to 5000 employees,1846.0,$2 to $5 billion (USD),85000,134000,109500.0,False,2962,1,0,1,1,1,0,0,0,0,0,1,0,0,0,0,0,0,0,0,0,0,0,0,0,0,0
Lead Data Scientist,Data Scientist,Senior,MassMutual,3.6,Insurance Carriers,Insurance,Boston,MA,5001 to 10000 employees,1851.0,$10+ billion (USD),124000,204000,164000.0,False,4414,1,1,0,0,0,1,1,1,0,0,1,0,0,0,0,0,0,1,1,0,0,0,1,0,0,0
"Sr. Data Scientist - Analytics, Personalized Healthcare (PHC)",Data Scientist,Senior,Genentech,3.9,Biotech & Pharmaceuticals,Biotech & Pharmaceuticals,South San Francisco,CA,10000+ employees,1976.0,$10+ billion (USD),131000,207000,169000.0,False,7106,1,1,1,0,0,1,1,0,0,0,1,0,0,0,0,0,0,0,1,0,0,1,0,0,0,0
Senior Data Scientist,Data Scientist,Senior,Juniper Networks,3.8,Telecommunications Services,Telecommunications,Cupertino,CA,5001 to 10000 employees,1996.0,$2 to $5 billion (USD),110000,174000,142000.0,False,2397,1,0,1,0,0,1,0,1,0,0,1,0,1,0,0,0,0,1,1,0,0,0,0,0,0,0
Pricipal Scientist Molecular and cellular biologist,Other/Unspecified,Not specified,Takeda Pharmaceuticals,3.7,Biotech & Pharmaceuticals,Biotech & Pharmaceuticals,Boston,MA,10000+ employees,1781.0,$10+ billion (USD),52000,101000,76500.0,False,2468,0,0,1,0,0,0,0,0,0,0,0,0,0,0,0,0,0,0,0,0,0,0,0,0,0,0
"Data Scientist (Actuary, FSA or ASA)",Data Scientist,Not specified,Legal & General America,3.8,Insurance Carriers,Insurance,Frederick,MD,501 to 1000 employees,1981.0,$500 million to $1 billion (USD),81000,133000,107000.0,False,3010,1,1,1,1,0,0,0,0,0,0,1,0,0,0,0,0,0,0,1,0,0,0,0,0,0,0
Staff Data Scientist,Data Scientist,Not specified,Western Digital,3.5,Computer Hardware & Software,Information Technology,San Jose,CA,10000+ employees,1970.0,$10+ billion (USD),132000,211000,171500.0,False,4486,1,1,0,0,0,0,1,1,1,0,1,1,0,0,1,0,0,0,0,0,0,0,1,0,0,0
Data Engineer 5 - Contract (Remote),Data Engineer,Not specified,The Church of Jesus Christ of Latter-day Saints,4.2,Religious Organizations,Non-Profit,Riverton,UT,10000+ employees,,Unknown / Non-Applicable,74000,140000,107000.0,False,2617,0,0,1,0,0,0,0,0,0,0,1,0,0,0,0,0,0,1,0,0,0,0,0,1,0,0
Senior Scientist - Neuroscience,Other/Unspecified,Senior,Sunovion,3.5,Biotech & Pharmaceuticals,Biotech & Pharmaceuticals,Marlborough,MA,1001 to 5000 employees,2010.0,$1 to $2 billion (USD),100000,190000,145000.0,False,5391,1,0,1,0,0,0,0,0,0,0,0,0,0,0,0,0,0,0,1,0,0,0,0,0,0,0
Senior Data Analyst,Analyst,Senior,National Student Clearinghouse,2.9,Colleges & Universities,Education,Herndon,VA,201 to 500 employees,1993.0,$25 to $50 million (USD),43000,80000,61500.0,False,5736,1,1,1,1,1,0,0,0,0,0,0,0,0,0,0,0,0,0,1,0,0,0,0,0,0,0
Medical Lab Scientist,Other/Unspecified,Not specified,Tower Health,3.6,Health Care Services & Hospitals,Health Care,West Reading,PA,5001 to 10000 employees,2017.0,Unknown / Non-Applicable,34000,48000,20500.0,False,2117,0,0,0,0,0,0,0,0,0,0,0,0,0,0,0,0,0,0,0,0,0,0,0,0,0,0
"Risk and Analytics IT, Data Scientist",Data Scientist,Not specified,State of Wisconsin Investment Board,2.7,Investment Banking & Asset Management,Finance,Madison,WI,51 to 200 employees,1951.0,$50 to $100 million (USD),91000,149000,120000.0,False,6467,1,1,0,1,1,0,0,0,0,0,0,0,0,0,0,0,0,0,0,0,0,0,0,1,0,0
"Scientist, Analytical Development",Other/Unspecified,Not specified,Rubius Therapeutics,4.4,Biotech & Pharmaceuticals,Biotech & Pharmaceuticals,Cambridge,MA,201 to 500 employees,2013.0,$100 to $500 million (USD),42000,82000,62000.0,False,5512,0,0,0,0,0,0,0,0,0,0,0,0,0,0,0,0,0,0,0,0,0,0,0,0,0,0
Senior Data Scientist,Data Scientist,Senior,Autodesk,4.0,Computer Hardware & Software,Information Technology,San Francisco,CA,5001 to 10000 employees,1982.0,$2 to $5 billion (USD),116000,185000,150500.0,False,2525,1,1,0,0,0,1,1,0,0,0,1,0,1,0,1,1,1,0,1,0,0,0,1,0,0,0
Analytics Manager,Manager,Not specified,OneMagnify,4.3,Advertising & Marketing,Business Services,Dearborn,MI,201 to 500 employees,1967.0,Unknown / Non-Applicable,59000,116000,87500.0,False,1961,0,1,1,1,0,0,0,0,0,0,0,0,0,0,0,0,0,0,1,0,0,0,0,0,1,0
Data Engineer,Data Engineer,Not specified,IZEA,4.2,Advertising & Marketing,Business Services,Winter Park,FL,51 to 200 employees,2006.0,$25 to $50 million (USD),48000,95000,71500.0,False,10051,1,0,1,0,0,1,1,1,0,0,1,0,0,0,1,0,0,0,1,1,0,0,1,0,0,0
Digital Marketing & ECommerce Data Analyst,Analyst,Not specified,Vionic Group,3.6,"Department, Clothing, & Shoe Stores",Retail,San Rafael,CA,51 to 200 employees,2006.0,$100 to $500 million (USD),31000,72000,51500.0,False,4353,0,0,1,0,0,0,0,0,0,0,0,0,0,0,0,0,0,0,0,0,0,0,0,0,1,0
Sr. Scientist - Digital & Image Analysis/Computational Pathology,Other/Unspecified,Senior,Takeda Pharmaceuticals,3.7,Biotech & Pharmaceuticals,Biotech & Pharmaceuticals,San Diego,CA,10000+ employees,1781.0,$10+ billion (USD),105000,198000,151500.0,False,5801,0,0,1,0,0,0,0,0,0,0,1,0,0,0,0,0,0,0,1,0,0,0,0,0,0,0
Senior Data Analyst,Analyst,Senior,Dodge Data & Analytics,2.8,IT Services,Information Technology,Hamilton,NJ,201 to 500 employees,2014.0,Unknown / Non-Applicable,55000,100000,77500.0,False,5894,1,1,1,1,0,0,0,0,0,0,1,0,0,0,0,0,0,0,1,0,0,0,0,0,0,0
Principal Scientist - Immunologist,Other/Unspecified,Senior,Takeda Pharmaceuticals,3.7,Biotech & Pharmaceuticals,Biotech & Pharmaceuticals,Boston,MA,10000+ employees,1781.0,$10+ billion (USD),98000,182000,140000.0,False,2309,0,0,1,0,0,0,0,0,0,0,0,0,0,0,0,0,0,0,0,0,0,0,0,0,0,0
Senior Data Scientist,Data Scientist,Senior,Plymouth Rock Assurance,3.3,Insurance Carriers,Insurance,Woodbridge,NJ,1001 to 5000 employees,1982.0,$10 to $25 million (USD),73000,124000,98500.0,False,3239,0,1,1,0,0,0,0,0,0,0,0,0,0,0,0,1,0,0,1,0,0,0,0,0,0,0
Principal Data Scientist with over 10 years experience,Data Scientist,Senior,CA-One Tech Cloud,,IT Services,Information Technology,San Francisco,CA,51 to 200 employees,2017.0,$5 to $10 million (USD),200000,250000,225000.0,True,1632,1,0,1,1,0,0,0,1,0,0,1,0,0,0,0,0,0,0,1,0,0,0,0,0,1,0
MED TECH/LAB SCIENTIST - LABORATORY,Other/Unspecified,Not specified,Beebe Healthcare,3.6,Health Care Services & Hospitals,Health Care,Lewes,DE,1001 to 5000 employees,1935.0,$100 to $500 million (USD),42000,68000,27500.0,False,2724,0,0,0,0,0,0,0,0,0,0,0,0,0,0,0,0,0,0,0,0,0,0,0,0,0,0
"Sr. Scientist, Quantitative Translational Sciences",Other/Unspecified,Senior,Takeda Pharmaceuticals,3.7,Biotech & Pharmaceuticals,Biotech & Pharmaceuticals,Boston,MA,10000+ employees,1781.0,$10+ billion (USD),117000,206000,161500.0,False,1345,0,0,0,0,0,0,0,0,0,0,0,0,0,0,0,0,0,0,0,0,0,0,0,0,0,0
Sr. Data Scientist II,Data Scientist,Senior,Argo Group US,3.4,Insurance Carriers,Insurance,New York,NY,1001 to 5000 employees,1948.0,$1 to $2 billion (USD),111000,183000,147000.0,False,4835,1,1,0,0,0,1,1,1,0,0,0,0,1,1,0,0,0,1,1,0,0,0,0,0,0,0
Excel / VBA / SQL Data Analyst,Analyst,Not specified,Associated Electric Cooperative,4.1,Energy,"Oil, Gas, Energy & Utilities",Springfield,MO,501 to 1000 employees,1961.0,$1 to $2 billion (USD),44000,78000,61000.0,False,2886,0,1,1,0,0,0,0,0,0,0,0,0,0,0,0,0,0,0,1,0,0,0,0,0,0,0
Machine Learning Research Scientist,ML Engineer,Not specified,Software Engineering Institute,2.6,Colleges & Universities,Education,Pittsburgh,PA,501 to 1000 employees,1984.0,Unknown / Non-Applicable,81000,159000,120000.0,False,2808,1,0,0,0,0,0,0,0,0,0,1,0,0,0,0,0,0,0,1,0,0,0,0,0,0,0
"VP, Data Science",Other/Unspecified,Not specified,PennyMac,3.2,Lending,Finance,Phoenix,AZ,1001 to 5000 employees,2008.0,$500 million to $1 billion (USD),83000,166000,124500.0,False,1925,1,1,1,0,0,0,0,0,0,0,1,0,1,0,0,0,0,0,1,0,0,0,0,0,0,0
Senior Data Scientist,Data Scientist,Senior,Zest AI,3.9,Financial Analytics & Research,Finance,Burbank,CA,51 to 200 employees,2009.0,$50 to $100 million (USD),114000,182000,148000.0,False,2364,1,0,0,0,0,0,0,0,0,0,1,0,0,0,0,0,0,0,0,0,0,0,0,0,0,0
Radar Data Analyst,Analyst,Not specified,DECISIVE ANALYTICS Corporation,4.7,Aerospace & Defense,Aerospace & Defense,Huntsville,AL,51 to 200 employees,1996.0,$25 to $50 million (USD),42000,76000,59000.0,False,3088,1,0,1,0,0,0,0,0,0,0,0,0,0,0,0,0,0,0,0,0,0,0,0,0,0,0
PL Actuarial-Lead Data Scientist,Data Scientist,Senior,The Hanover Insurance Group,3.7,Insurance Carriers,Insurance,Worcester,MA,5001 to 10000 employees,1852.0,$5 to $10 billion (USD),114000,179000,146500.0,False,5123,1,1,1,0,0,0,0,0,0,0,1,0,0,0,0,1,0,0,1,0,0,0,0,0,0,0
PV Scientist,Other/Unspecified,Not specified,Karyopharm Therapeutics Inc.,2.9,Biotech & Pharmaceuticals,Biotech & Pharmaceuticals,Newton,MA,201 to 500 employees,,Unknown / Non-Applicable,60000,123000,91500.0,False,3984,0,0,1,0,0,0,0,0,0,0,0,0,0,0,0,0,0,0,0,0,0,0,0,0,0,0
Senior Data & Machine Learning Scientist,ML Engineer,Senior,Tempus Labs,3.0,Biotech & Pharmaceuticals,Biotech & Pharmaceuticals,Chicago,IL,501 to 1000 employees,2015.0,Unknown / Non-Applicable,100000,166000,133000.0,False,3280,1,1,0,0,0,0,0,1,0,0,1,1,1,1,0,0,0,0,1,1,0,1,0,0,0,0
Principal Data Scientist (Computational Chemistry),Data Scientist,Senior,Recursion Pharmaceuticals,4.7,Biotech & Pharmaceuticals,Biotech & Pharmaceuticals,Salt Lake City,UT,51 to 200 employees,2013.0,$1 to $5 million (USD),108000,173000,140500.0,False,4819,1,0,0,0,0,0,0,1,0,0,1,0,1,1,0,0,0,0,0,0,0,0,0,0,0,0
Data Engineer,Data Engineer,Not specified,P2 Energy Solutions,3.7,Computer Hardware & Software,Information Technology,Lafayette,LA,501 to 1000 employees,,Unknown / Non-Applicable,48000,93000,70500.0,False,3670,0,1,1,0,0,0,0,0,0,0,0,0,0,0,0,0,0,0,0,0,0,0,0,0,0,0
"Principal Scientist, Chemistry & Immunology",Other/Unspecified,Senior,Rochester Regional Health,3.3,Health Care Services & Hospitals,Health Care,Rochester,NY,10000+ employees,2014.0,$500 million to $1 billion (USD),54000,115000,84500.0,False,3670,0,0,0,0,0,0,0,0,0,1,0,0,0,0,0,0,0,0,0,0,0,0,0,0,0,0
Software Engineer - Data Visualization,Other/Unspecified,Not specified,ClearEdge,4.0,Computer Hardware & Software,Information Technology,Annapolis Junction,MD,51 to 200 employees,2002.0,$5 to $10 million (USD),60000,127000,93500.0,False,4637,0,0,1,0,0,0,0,0,0,0,0,0,0,0,0,0,0,0,1,0,0,0,0,0,0,0
"Scientist/Senior Scientist, Autoimmune",Other/Unspecified,Senior,Rubius Therapeutics,4.4,Biotech & Pharmaceuticals,Biotech & Pharmaceuticals,Cambridge,MA,201 to 500 employees,2013.0,$100 to $500 million (USD),90000,179000,134500.0,False,4438,0,0,0,0,0,0,0,0,0,0,0,0,0,0,0,0,0,0,0,0,0,0,0,0,0,0
Staff Machine Learning Engineer,ML Engineer,Not specified,Tapjoy,3.9,Internet,Information Technology,San Francisco,CA,201 to 500 employees,2007.0,$10 to $25 million (USD),138000,224000,181000.0,False,2015,1,1,0,0,0,1,0,0,0,0,1,0,1,0,0,0,0,0,0,0,0,0,0,0,0,0
"Principal Scientist, Hematology",Other/Unspecified,Senior,Rochester Regional Health,3.3,Health Care Services & Hospitals,Health Care,Rochester,NY,10000+ employees,2014.0,$500 million to $1 billion (USD),54000,115000,84500.0,False,3627,0,0,0,0,0,0,0,0,0,1,0,0,0,0,0,0,0,0,0,0,0,0,0,0,0,0
Lead Data Engineer,Data Engineer,Senior,Credit Sesame,4.1,Internet,Information Technology,Mountain View,CA,51 to 200 employees,2010.0,$50 to $100 million (USD),190000,220000,205000.0,True,4037,1,1,0,0,0,1,0,1,0,0,1,0,0,0,1,0,0,0,0,0,0,0,0,1,0,0
Marketing Data Analyst,Analyst,Not specified,San Manuel Casino,3.6,Gambling,"Arts, Entertainment & Recreation",Highland,CA,1001 to 5000 employees,1986.0,$100 to $500 million (USD),35000,62000,48500.0,False,4608,0,1,1,1,0,0,0,0,0,0,0,0,0,0,0,1,0,0,1,0,0,0,0,0,0,0
Medical Laboratory Scientist,Other/Unspecified,Not specified,Texas Health Huguley Hospital,4.0,Health Care Services & Hospitals,Health Care,Burleson,TX,1001 to 5000 employees,1977.0,$50 to $100 million (USD),36000,50000,21500.0,False,5160,0,0,0,0,0,0,0,1,0,0,0,0,0,0,0,0,0,0,0,0,0,0,0,0,0,0
R&D Specialist/ Food Scientist,Other/Unspecified,Not specified,Teasdale Latin Foods,2.4,Food & Beverage Manufacturing,Manufacturing,Hoopeston,IL,501 to 1000 employees,,$100 to $500 million (USD),39000,66000,52500.0,False,2433,0,0,0,0,0,0,0,0,0,0,0,0,0,0,0,0,0,0,0,0,0,0,0,0,0,0
Senior Research Scientist-Machine Learning,ML Engineer,Senior,Software Engineering Institute,2.6,Colleges & Universities,Education,Pittsburgh,PA,501 to 1000 employees,1984.0,Unknown / Non-Applicable,81000,167000,124000.0,False,5379,0,0,0,0,0,0,0,0,0,0,1,1,0,0,0,0,0,0,1,0,0,0,0,0,0,0
Analytics Manager - Data Mart,Manager,Not specified,Central California Alliance for Health,3.5,Health Care Services & Hospitals,Health Care,Scotts Valley,CA,501 to 1000 employees,1996.0,$500 million to $1 billion (USD),42000,86000,64000.0,False,3846,0,1,0,1,0,0,0,0,0,0,0,0,0,0,0,0,0,0,0,0,0,0,0,0,0,0
Sr. Data Engineer - Contract-to-Hire (Java),Data Engineer,Senior,Pilot Flying J Travel Centers LLC,3.0,Gas Stations,Retail,Knoxville,TN,10000+ employees,1958.0,$10+ billion (USD),69000,127000,98000.0,False,2133,1,1,0,0,0,0,0,0,0,0,0,0,0,0,1,0,0,0,0,0,0,0,0,1,0,0
MED TECH/LAB SCIENTIST- SOUTH COASTAL LAB,Other/Unspecified,Not specified,Beebe Healthcare,3.6,Health Care Services & Hospitals,Health Care,Millville,DE,1001 to 5000 employees,1935.0,$100 to $500 million (USD),42000,68000,27500.0,False,2801,0,0,0,0,0,0,0,0,0,0,0,0,0,0,0,0,0,0,0,0,0,0,0,0,0,0
Food Scientist - Developer,Other/Unspecified,Not specified,Palermo's Pizza,3.3,Food & Beverage Manufacturing,Manufacturing,Milwaukee,WI,501 to 1000 employees,1964.0,Unknown / Non-Applicable,40000,68000,54000.0,False,2832,0,0,0,0,0,0,0,0,0,0,0,0,0,0,0,0,0,0,0,0,0,0,0,0,0,0
Staff Scientist-Downstream Process Development,Other/Unspecified,Not specified,Advanced BioScience Laboratories,2.7,Biotech & Pharmaceuticals,Biotech & Pharmaceuticals,Rockville,MD,201 to 500 employees,1961.0,$25 to $50 million (USD),49000,113000,81000.0,False,3776,0,0,1,0,0,0,0,0,0,0,0,0,0,0,0,0,0,0,0,0,0,0,0,0,0,0
Sr. Data Engineer,Data Engineer,Senior,Echo Global Logistics,3.4,Transportation Management,Transportation & Logistics,Chicago,IL,1001 to 5000 employees,2005.0,$2 to $5 billion (USD),75000,140000,107500.0,False,4288,0,1,0,0,0,0,0,0,0,0,0,0,0,0,0,0,0,0,0,0,0,0,0,0,0,0
Data Scientist,Data Scientist,Not specified,Lockheed Martin,3.7,Aerospace & Defense,Aerospace & Defense,Herndon,VA,10000+ employees,1995.0,$10+ billion (USD),66000,112000,89000.0,False,5298,1,1,1,1,0,1,1,0,0,0,1,0,0,0,1,0,0,1,1,0,0,1,0,1,0,0
Senior Research Statistician- Data Scientist,Data Scientist,Senior,Acuity Insurance,4.8,Insurance Carriers,Insurance,Sheboygan,WI,1001 to 5000 employees,1925.0,$1 to $2 billion (USD),76000,125000,100500.0,False,1806,0,0,0,0,0,0,0,0,0,0,0,0,0,0,0,1,0,0,1,0,0,0,0,0,0,0
"Business Data Analyst, SQL",Analyst,Not specified,Fareportal,3.8,Travel Agencies,Travel & Tourism,New York,NY,1001 to 5000 employees,2002.0,$2 to $5 billion (USD),44000,86000,65000.0,False,2469,0,1,1,1,1,0,0,0,0,0,0,0,0,0,0,0,0,0,1,0,0,0,0,0,0,0
Medical Technologist / Clinical Laboratory Scientist,Other/Unspecified,Not specified,"Veterans Affairs, Veterans Health Administration",3.4,Federal Agencies,Government,New Orleans,LA,10000+ employees,1930.0,Unknown / Non-Applicable,30000,50000,20000.0,False,9322,0,0,0,0,0,0,0,0,0,0,0,0,0,0,0,0,0,0,0,0,0,0,0,0,0,0
Data Scientist,Data Scientist,Not specified,Credera,4.3,Consulting,Business Services,Dallas,TX,201 to 500 employees,1999.0,Unknown / Non-Applicable,53000,92000,72500.0,False,5775,1,1,1,1,1,1,1,1,1,1,1,1,0,0,0,0,1,0,1,0,0,0,1,0,0,0
Data Scientist,Data Scientist,Not specified,Spectrum Communications and Consulting,3.4,Advertising & Marketing,Business Services,Chicago,IL,51 to 200 employees,1992.0,$10 to $25 million (USD),64000,111000,87500.0,False,4082,0,1,0,0,0,0,0,0,0,0,0,0,0,0,0,1,0,0,1,0,0,0,0,0,0,0
Data Analyst,Analyst,Not specified,NCSOFT,3.1,Video Games,Media,San Mateo,CA,1001 to 5000 employees,1997.0,$10+ billion (USD),65000,120000,92500.0,False,3123,1,1,1,1,0,0,1,0,0,0,0,0,0,0,0,0,0,0,1,0,0,0,0,0,1,1
Associate Data Scientist/Computer Scientist,Data Scientist,Not specified,MITRE,3.2,Federal Agencies,Government,McLean,VA,5001 to 10000 employees,1958.0,$1 to $2 billion (USD),60000,103000,81500.0,False,3144,1,0,0,0,0,1,1,0,0,0,1,1,0,0,1,0,0,0,1,0,0,0,0,0,0,0
Business Intelligence Analyst / Developer,Analyst,Not specified,"Dayton Freight Lines, Inc.",4.3,Trucking,Transportation & Logistics,Dayton,OH,1001 to 5000 employees,1981.0,Unknown / Non-Applicable,53000,105000,79000.0,False,1884,0,1,0,0,0,0,0,0,0,0,0,0,0,0,0,0,0,0,0,0,0,0,0,1,0,0
Data Analyst,Analyst,Not specified,Community Action Partnership of San Luis Obispo,2.8,Social Assistance,Non-Profit,Parlier,CA,501 to 1000 employees,,$50 to $100 million (USD),33000,62000,47500.0,False,5435,0,0,1,0,0,0,0,0,0,0,0,0,0,0,0,0,0,0,1,0,0,0,0,0,0,0
Data Analyst,Analyst,Not specified,TrueAccord,3.4,Enterprise Software & Network Solutions,Information Technology,San Francisco,CA,51 to 200 employees,2013.0,Unknown / Non-Applicable,48000,90000,69000.0,False,5483,1,1,1,1,1,0,0,0,0,0,1,0,0,0,0,0,0,0,1,0,0,0,0,0,0,0
Data Analyst,Analyst,Not specified,DRB Systems,4.0,Computer Hardware & Software,Information Technology,Meridian,ID,201 to 500 employees,1984.0,$50 to $100 million (USD),34000,64000,49000.0,False,2505,1,1,1,1,0,0,0,0,0,0,0,0,0,0,0,0,0,0,1,0,0,0,0,0,0,1
System and Data Analyst,Analyst,Not specified,Corcentric,3.7,Enterprise Software & Network Solutions,Information Technology,Cherry Hill,NJ,201 to 500 employees,1996.0,Unknown / Non-Applicable,42000,76000,59000.0,False,2774,0,0,1,0,0,0,0,0,0,0,0,0,0,0,0,0,0,0,0,0,0,0,0,0,0,0
Data Scientist,Data Scientist,Not specified,U.Group,3.5,IT Services,Information Technology,Indianapolis,IN,201 to 500 employees,2019.0,$25 to $50 million (USD),66000,111000,88500.0,False,7107,0,0,0,0,0,0,0,1,0,0,1,0,0,0,0,0,0,0,1,0,0,0,0,0,0,0
Data & Analytics Consultant (NYC),Other/Unspecified,Not specified,Systems Evolution Inc.,4.7,Consulting,Business Services,New York,NY,201 to 500 employees,1992.0,$50 to $100 million (USD),91000,138000,114500.0,False,4135,1,1,1,1,0,0,0,0,0,0,1,0,0,0,1,1,0,0,1,0,0,0,1,0,0,0
Data Engineer,Data Engineer,Not specified,Eventbrite,4.4,Internet,Information Technology,Nashville,TN,1001 to 5000 employees,2006.0,$100 to $500 million (USD),62000,114000,88000.0,False,4471,1,1,1,0,0,1,1,1,0,0,1,0,0,0,1,0,1,0,0,0,0,1,0,1,0,0
Big Data Engineer - Chicago - Future Opportunity,Data Engineer,Not specified,Centro,4.1,Internet,Information Technology,Chicago,IL,501 to 1000 employees,2001.0,$100 to $500 million (USD),71000,129000,100000.0,False,4948,1,1,0,0,0,1,1,1,0,0,1,0,0,0,1,0,1,0,0,1,1,0,1,0,0,0
Data Scientist,Data Scientist,Not specified,comScore,2.5,Advertising & Marketing,Business Services,Portland,OR,1001 to 5000 employees,1999.0,$1 to $2 billion (USD),74000,119000,96500.0,False,4466,1,1,0,0,0,1,0,0,0,0,0,0,0,0,0,0,0,0,1,0,0,0,0,0,0,0
Survey Data Analyst,Analyst,Not specified,SullivanCotter,4.2,Consulting,Business Services,Minneapolis,MN,201 to 500 employees,1992.0,Unknown / Non-Applicable,55000,97000,76000.0,False,2385,1,1,1,0,0,0,0,0,0,0,0,0,0,0,0,0,0,0,1,0,0,0,0,0,0,0
Data Scientist,Data Scientist,Not specified,NPD,3.9,Research & Development,Business Services,Port Washington,NY,1001 to 5000 employees,1966.0,$100 to $500 million (USD),15000,16000,15500.0,False,5019,0,0,1,0,0,0,0,0,0,0,0,0,0,0,0,0,0,0,1,0,0,0,0,0,0,0
Data Scientist,Data Scientist,Not specified,Bakery Agency,4.3,Advertising & Marketing,Business Services,Austin,TX,1 to 50 employees,2010.0,Unknown / Non-Applicable,61000,106000,83500.0,False,3111,1,1,1,0,0,0,0,0,0,0,1,0,0,0,0,0,0,0,1,0,0,0,0,0,0,0
Data Scientist,Data Scientist,Not specified,Genentech,3.9,Biotech & Pharmaceuticals,Biotech & Pharmaceuticals,South San Francisco,CA,10000+ employees,1976.0,$10+ billion (USD),127000,199000,163000.0,False,4502,0,1,1,0,0,0,0,0,0,0,0,0,0,0,0,1,0,0,1,0,0,0,0,0,0,0
Lead Health Data Analyst - Front End,Analyst,Senior,Blue Cross & Blue Shield of Rhode Island,3.4,Insurance Carriers,Insurance,Providence,RI,501 to 1000 employees,1939.0,Unknown / Non-Applicable,74000,126000,100000.0,False,4837,0,1,0,0,0,0,0,1,0,0,0,0,0,0,0,1,0,0,1,0,0,0,0,0,0,0
Research Scientist,Other/Unspecified,Not specified,Boys Town,3.8,Social Assistance,Non-Profit,Omaha,NE,1001 to 5000 employees,1917.0,Unknown / Non-Applicable,33000,72000,52500.0,False,4837,0,0,1,0,0,0,0,0,0,0,0,0,0,0,0,0,0,0,0,0,0,0,0,0,0,0
Junior Data Analyst,Analyst,Not specified,The HSC Health Care System,3.3,Health Care Services & Hospitals,Health Care,Washington,DC,501 to 1000 employees,1883.0,Unknown / Non-Applicable,37000,63000,50000.0,False,4135,0,1,1,1,1,0,0,0,0,0,0,0,0,0,0,0,0,0,1,0,0,0,0,0,0,0
SQL Data Engineer,Data Engineer,Not specified,Pro-Sphere Tek,3.4,Consulting,Business Services,Austin,TX,201 to 500 employees,2006.0,$50 to $100 million (USD),67000,119000,93000.0,False,3799,1,1,0,1,1,0,1,1,1,0,0,0,0,0,0,0,0,0,0,0,0,0,0,1,0,0
Data Scientist,Data Scientist,Not specified,Ameritas Life Insurance Corp,3.0,Insurance Agencies & Brokerages,Insurance,Cincinnati,OH,1001 to 5000 employees,1887.0,$2 to $5 billion (USD),72000,117000,94500.0,False,3421,1,1,0,0,0,0,0,0,0,0,0,0,0,0,0,1,0,0,1,0,0,0,0,0,0,0
Data Scientist,Data Scientist,Not specified,Genworth,3.7,Insurance Carriers,Insurance,Raleigh,NC,1001 to 5000 employees,2004.0,$5 to $10 billion (USD),78000,126000,102000.0,False,5558,1,1,1,1,0,1,1,1,1,1,0,0,0,0,0,1,1,0,1,0,0,0,0,1,0,0
"Sr. Data Scientist, Cyber-Security LT Contract",Data Scientist,Senior,"Numeric, LLC",3.2,Staffing & Outsourcing,Business Services,Phila,PA,1 to 50 employees,,$5 to $10 million (USD),116000,194000,155000.0,False,1817,1,0,1,0,0,1,1,1,0,0,1,0,0,0,1,0,1,0,1,0,0,0,0,1,0,0
Data Scientist,Data Scientist,Not specified,Trace Data,3.9,Insurance Carriers,Insurance,Oakland,CA,51 to 200 employees,2000.0,$10 to $25 million (USD),83000,133000,108000.0,False,3029,1,1,0,0,0,1,0,0,0,0,1,1,1,1,0,1,0,1,1,0,0,0,0,0,0,0
Insurance Financial Data Analyst,Analyst,Not specified,Clearwater Analytics,4.2,Investment Banking & Asset Management,Finance,Boise,ID,501 to 1000 employees,2004.0,$50 to $100 million (USD),45000,82000,63500.0,False,2643,0,1,1,0,0,0,0,0,0,0,0,0,0,0,0,0,0,0,0,0,0,0,0,0,0,0
Data Scientist,Data Scientist,Not specified,"Tekvalley, Corp.",4.0,IT Services,Information Technology,San Francisco,CA,1 to 50 employees,,Less than $1 million (USD),83000,135000,109000.0,False,714,1,1,0,1,0,0,0,0,0,0,0,0,0,0,0,0,0,0,1,0,0,0,0,0,0,0
Data Scientist,Data Scientist,Not specified,BWX Technologies,3.5,Aerospace & Defense,Aerospace & Defense,Oak Ridge,TN,5001 to 10000 employees,1850.0,$500 million to $1 billion (USD),70000,122000,96000.0,False,3796,1,0,0,0,0,0,0,0,0,0,0,1,1,1,0,0,0,0,1,0,0,0,0,0,0,0
Data Engineer,Data Engineer,Not specified,PennyMac,3.2,Lending,Finance,Agoura Hills,CA,1001 to 5000 employees,2008.0,$500 million to $1 billion (USD),70000,132000,101000.0,False,2501,1,1,1,1,0,0,0,1,0,0,0,0,0,0,1,0,0,0,0,0,0,0,0,0,0,0
Data Engineer I - Azure,Data Engineer,Not specified,Vermeer,3.9,Industrial Manufacturing,Manufacturing,Pella,IA,1001 to 5000 employees,1948.0,$1 to $2 billion (USD),54000,101000,77500.0,False,3490,0,1,1,0,0,0,1,0,1,0,1,0,0,0,0,0,0,0,0,0,0,0,0,0,0,0
Data Scientist,Data Scientist,Not specified,L&T Infotech,3.5,IT Services,Information Technology,San Ramon,CA,10000+ employees,1997.0,Unknown / Non-Applicable,68000,112000,90000.0,False,1231,1,1,1,1,0,0,0,0,0,0,1,0,0,0,0,0,0,1,1,0,0,0,0,0,0,0
Information Security Data Analyst,Analyst,Not specified,OceanFirst Financial,4.3,Banks & Credit Unions,Finance,Red Bank,NJ,501 to 1000 employees,1902.0,$5 to $10 billion (USD),42000,74000,58000.0,False,6600,0,1,0,0,0,0,0,1,0,0,0,0,0,0,0,0,0,0,1,0,0,0,0,0,0,0
Data Scientist,Data Scientist,Not specified,Sotheby's,3.6,Auctions & Galleries,Retail,New York,NY,1001 to 5000 employees,1744.0,$500 million to $1 billion (USD),95000,161000,128000.0,False,2041,1,0,0,0,0,0,0,0,0,1,1,1,0,0,1,0,0,0,1,0,0,0,0,0,0,0
Data Scientist,Data Scientist,Not specified,Vanda Pharmaceuticals,2.3,Biotech & Pharmaceuticals,Biotech & Pharmaceuticals,Washington,DC,201 to 500 employees,2003.0,$100 to $500 million (USD),76000,126000,101000.0,False,1727,1,1,1,1,0,0,0,0,0,0,1,0,0,0,0,1,0,0,1,0,0,0,0,0,0,0
"Data Scientist, Senior",Data Scientist,Senior,Novetta,4.0,Enterprise Software & Network Solutions,Information Technology,Fort Belvoir,VA,501 to 1000 employees,2012.0,$100 to $500 million (USD),108000,176000,142000.0,False,4637,1,1,0,0,0,0,0,1,0,0,0,0,0,0,0,0,0,0,0,0,0,0,1,1,0,0
Senior Data Scientist,Data Scientist,Senior,CK-12 Foundation,4.1,K-12 Education,Education,Palo Alto,CA,1 to 50 employees,2007.0,Unknown / Non-Applicable,130000,208000,169000.0,False,4743,0,1,1,1,0,0,0,1,0,0,1,0,0,0,0,1,0,0,1,0,0,0,1,0,0,0
CONSULTANT– DATA ANALYTICS GROUP,Other/Unspecified,Not specified,Opinion Dynamics,4.2,Consulting,Business Services,San Diego,CA,51 to 200 employees,1987.0,$10 to $25 million (USD),37000,68000,52500.0,False,3849,1,1,0,0,0,0,0,0,0,0,1,0,0,0,1,0,1,0,1,0,0,0,0,0,0,0
Data Engineer,Data Engineer,Not specified,Applied Information Sciences,4.6,IT Services,Information Technology,Houston,TX,501 to 1000 employees,1982.0,$50 to $100 million (USD),52000,99000,75500.0,False,2047,0,1,0,1,1,1,1,0,1,0,0,0,0,0,0,0,1,0,0,0,0,0,0,0,0,0
Senior Data Scientist,Data Scientist,Senior,Swiss Re,3.7,Insurance Agencies & Brokerages,Insurance,Armonk,NY,10000+ employees,1863.0,$10+ billion (USD),105000,173000,139000.0,False,4929,1,1,1,0,0,0,0,0,0,0,1,0,0,0,1,0,0,1,1,0,0,0,0,0,0,0
"Data Engineer, Data Engineering and Artifical Intelligence",Data Engineer,Not specified,Takeda Pharmaceuticals,3.7,Biotech & Pharmaceuticals,Biotech & Pharmaceuticals,Cambridge,MA,10000+ employees,1781.0,$10+ billion (USD),71000,134000,102500.0,False,4475,1,1,1,1,0,1,1,1,0,0,0,0,0,0,1,0,1,0,0,0,0,0,1,0,0,0
Staff Scientist,Other/Unspecified,Not specified,WK Dickson,4.4,Architectural & Engineering Services,Business Services,Columbia,SC,201 to 500 employees,1929.0,$25 to $50 million (USD),39000,82000,60500.0,False,1934,0,0,0,0,0,0,0,0,0,0,0,0,0,0,0,0,0,0,1,0,0,0,0,0,0,0
"Associate Scientist/Scientist, Process Analytical Technology - Small Molecule Analytical Chemistry",Other/Unspecified,Not specified,Genentech,3.9,Biotech & Pharmaceuticals,Biotech & Pharmaceuticals,South San Francisco,CA,10000+ employees,1976.0,$10+ billion (USD),88000,162000,125000.0,False,3965,0,0,1,0,0,0,0,0,0,0,0,0,0,0,0,0,0,0,0,0,0,0,0,0,0,0
Sr. Data Analyst,Analyst,Senior,MassMutual,3.6,Insurance Carriers,Insurance,Springfield,MA,5001 to 10000 employees,1851.0,$10+ billion (USD),60000,102000,81000.0,False,4898,1,1,0,1,0,0,0,0,0,0,0,0,0,0,0,0,0,0,1,0,0,0,0,1,0,0
Program/Data Analyst,Analyst,Not specified,General Dynamics Information Technology,3.4,IT Services,Information Technology,Washington,DC,10000+ employees,1996.0,$10+ billion (USD),55000,99000,77000.0,False,3256,0,1,1,1,0,0,0,0,0,0,0,0,0,0,0,0,0,0,1,0,0,0,0,0,0,0
Data Engineer,Data Engineer,Not specified,ManTech,4.1,Research & Development,Business Services,Herndon,VA,5001 to 10000 employees,1968.0,$1 to $2 billion (USD),67000,117000,92000.0,False,3243,0,1,0,0,0,0,1,0,0,0,0,0,0,0,0,0,0,0,0,0,0,1,0,1,0,0
Senior Data Scientist: Causal & Predictive analytics AI Innovation Lab,Data Scientist,Senior,Novartis,3.8,Biotech & Pharmaceuticals,Biotech & Pharmaceuticals,Cambridge,MA,10000+ employees,1996.0,$10+ billion (USD),92000,150000,121000.0,False,1937,0,0,0,0,0,0,0,0,0,0,0,0,0,0,0,0,0,0,0,0,0,0,0,0,0,0
"Principal Data Engineer, Data Platform & Insights",Data Engineer,Senior,Autodesk,4.0,Computer Hardware & Software,Information Technology,San Francisco,CA,5001 to 10000 employees,1982.0,$2 to $5 billion (USD),116000,209000,162500.0,False,2447,1,1,1,0,0,1,0,0,0,0,0,0,0,0,0,0,0,0,0,0,0,0,0,0,0,0
RESEARCH SCIENTIST - BIOLOGICAL SAFETY,Other/Unspecified,Not specified,Southwest Research Institute,3.9,Research & Development,Business Services,San Antonio,TX,1001 to 5000 employees,1947.0,$500 million to $1 billion (USD),38000,82000,60000.0,False,2026,0,0,0,0,0,0,0,0,0,0,0,0,0,0,0,0,0,0,0,0,0,0,0,0,0,0
Data Operations Lead,Other/Unspecified,Senior,Muso,,-1,-1,San Francisco,CA,201 to 500 employees,,Unknown / Non-Applicable,85000,90000,87500.0,False,5924,1,1,1,1,0,0,0,0,0,0,0,0,0,0,1,0,0,0,0,0,0,0,0,1,0,0
Big Data Engineer,Data Engineer,Not specified,SpringML,4.4,Enterprise Software & Network Solutions,Information Technology,Indianapolis,IN,1 to 50 employees,2015.0,Unknown / Non-Applicable,62000,119000,90500.0,False,1868,1,0,0,0,0,1,1,0,0,1,1,0,0,0,1,0,0,0,0,1,1,0,0,0,0,0
Senior Data Scientist,Data Scientist,Senior,The Integer Group,2.2,Advertising & Marketing,Business Services,Dallas,TX,501 to 1000 employees,1993.0,$50 to $100 million (USD),84000,136000,110000.0,False,6612,0,0,0,1,0,0,0,0,0,0,0,0,0,0,0,0,0,0,1,0,0,0,0,0,1,0
Clinical Data Analyst,Analyst,Not specified,ManTech,4.1,Research & Development,Business Services,Portsmouth,VA,5001 to 10000 employees,1968.0,$1 to $2 billion (USD),52000,89000,70500.0,False,4755,0,0,0,0,0,0,0,0,0,0,0,0,0,0,0,0,0,0,0,0,0,0,0,0,0,0
Computational Chemist/Data Scientist,Data Scientist,Not specified,PNNL,3.8,Energy,"Oil, Gas, Energy & Utilities",Richland,WA,1001 to 5000 employees,1965.0,$500 million to $1 billion (USD),56000,97000,76500.0,False,6411,1,0,0,0,0,0,0,0,0,0,1,1,0,0,0,0,0,0,1,0,0,0,0,0,0,0
Data Engineer,Data Engineer,Not specified,MassMutual,3.6,Insurance Carriers,Insurance,Springfield,MA,5001 to 10000 employees,1851.0,$10+ billion (USD),65000,119000,92000.0,False,2929,1,0,1,0,0,1,0,0,0,0,0,0,0,0,1,0,1,0,0,0,0,0,0,0,0,0
Product Engineer – Data Science,Other/Unspecified,Not specified,Esri,3.5,Computer Hardware & Software,Information Technology,Arlington,VA,1001 to 5000 employees,1969.0,$1 to $2 billion (USD),63000,101000,82000.0,False,4196,1,1,0,0,0,0,0,0,0,0,0,0,0,0,0,0,0,0,1,0,0,0,0,0,0,0
Data Scientist,Data Scientist,Not specified,Samba TV,3.3,Advertising & Marketing,Business Services,San Francisco,CA,201 to 500 employees,2008.0,Unknown / Non-Applicable,127000,202000,164500.0,False,1688,0,0,0,0,0,0,0,0,0,0,1,0,0,0,0,0,0,0,1,0,0,0,0,0,0,0
Market Data Analyst,Analyst,Not specified,SV Microwave,3.4,Telecommunications Manufacturing,Telecommunications,West Palm Beach,FL,201 to 500 employees,1991.0,$50 to $100 million (USD),31000,57000,44000.0,False,2290,0,0,0,0,0,0,0,0,0,0,0,0,0,0,0,0,0,0,0,0,0,0,0,0,0,0
Data Engineer,Data Engineer,Not specified,SpringML,4.4,Enterprise Software & Network Solutions,Information Technology,Herndon,VA,1 to 50 employees,2015.0,Unknown / Non-Applicable,75000,143000,109000.0,False,2353,1,0,0,0,0,1,1,0,0,0,1,0,0,0,1,0,1,0,0,0,0,0,0,1,0,0
Staff Data Engineer,Data Engineer,Not specified,Sumo Logic,3.8,Computer Hardware & Software,Information Technology,Austin,TX,501 to 1000 employees,2010.0,Unknown / Non-Applicable,105000,194000,149500.0,False,3297,0,0,0,0,0,1,0,1,0,0,0,0,0,0,0,0,1,0,0,0,0,0,0,0,0,0
Associate Data Engineer,Data Engineer,Not specified,EAB,3.5,Research & Development,Business Services,Washington,DC,1001 to 5000 employees,2007.0,Unknown / Non-Applicable,45000,86000,65500.0,False,4582,0,1,1,0,0,1,0,1,0,0,0,0,0,0,0,0,0,0,0,0,0,1,0,1,0,0
Senior Data Scientist,Data Scientist,Senior,Brighthouse Financial,3.5,Insurance Carriers,Insurance,Charlotte,NC,1001 to 5000 employees,2017.0,Unknown / Non-Applicable,95000,154000,124500.0,False,3870,1,0,1,0,0,1,0,0,0,0,1,0,0,0,0,0,0,0,1,0,0,0,0,0,0,0
Staff BI and Data Engineer,Data Engineer,Not specified,Affinity Solutions,2.9,Advertising & Marketing,Business Services,San Jose,CA,51 to 200 employees,1998.0,Unknown / Non-Applicable,80000,148000,114000.0,False,3333,1,1,0,1,0,1,0,0,0,0,0,0,0,0,0,0,0,0,1,0,0,0,0,0,0,0
Marketing Data Analyst,Analyst,Not specified,Citadel Federal Credit Union,3.9,Banks & Credit Unions,Finance,Exton,PA,501 to 1000 employees,1937.0,Unknown / Non-Applicable,36000,62000,49000.0,False,3971,1,1,0,1,1,0,0,0,0,0,0,0,0,0,0,0,0,0,0,0,0,0,0,0,0,0
Data Analyst,Analyst,Not specified,CALIBRE Systems,3.7,IT Services,Information Technology,Alexandria,VA,501 to 1000 employees,1989.0,$100 to $500 million (USD),50000,92000,71000.0,False,2632,0,1,1,1,1,0,0,0,0,0,0,0,0,0,0,0,0,0,1,0,0,0,0,0,0,0
"Director - Data, Privacy and AI Governance",Director,Not specified,MassMutual,3.6,Insurance Carriers,Insurance,Boston,MA,5001 to 10000 employees,1851.0,$10+ billion (USD),67000,135000,101000.0,False,4425,0,0,0,0,0,0,0,0,0,0,1,0,0,0,0,0,0,0,0,0,0,0,0,0,0,0
Information Security Data Analyst,Analyst,Not specified,Motorola Solutions,3.7,Computer Hardware & Software,Information Technology,Chicago,IL,10000+ employees,1928.0,$5 to $10 billion (USD),42000,80000,61000.0,False,5768,1,1,0,0,0,1,1,0,0,0,1,0,0,0,0,0,0,1,1,0,0,0,0,0,0,0
Scientist Manufacturing - Kentucky BioProcessing,Other/Unspecified,Not specified,Reynolds American,3.1,Consumer Products Manufacturing,Manufacturing,Owensboro,KY,5001 to 10000 employees,1875.0,$10+ billion (USD),68000,139000,103500.0,False,5182,0,0,0,0,0,0,0,0,0,0,0,0,0,0,0,0,0,0,0,0,0,0,0,0,0,0
Data Analytics Project Manager,Manager,Not specified,MassMutual,3.6,Insurance Carriers,Insurance,Springfield,MA,5001 to 10000 employees,1851.0,$10+ billion (USD),34000,92000,63000.0,False,5647,0,0,1,0,0,0,0,0,0,0,0,0,0,0,0,0,0,0,0,0,0,0,0,0,0,0
Consultant - Analytics Consulting,Other/Unspecified,Not specified,Infosys,3.0,IT Services,Information Technology,Hartford,CT,10000+ employees,1981.0,$10+ billion (USD),54000,71000,62500.0,False,3449,0,0,1,0,0,0,0,0,0,0,0,0,0,0,1,0,0,0,0,0,0,0,0,0,0,0
Data Engineer,Data Engineer,Not specified,Alignment Healthcare,3.5,Health Care Services & Hospitals,Health Care,Orange,CA,501 to 1000 employees,2013.0,Unknown / Non-Applicable,65000,124000,94500.0,False,5743,1,1,1,0,0,1,1,1,1,1,1,0,0,0,1,0,0,0,1,0,0,0,1,1,0,0
Senior Scientist (Neuroscience),Other/Unspecified,Senior,Sunovion,3.5,Biotech & Pharmaceuticals,Biotech & Pharmaceuticals,Marlborough,MA,1001 to 5000 employees,2010.0,$1 to $2 billion (USD),109000,200000,154500.0,False,4517,1,0,1,0,0,0,0,0,0,0,0,0,0,0,0,0,0,0,1,0,0,0,0,0,0,0
Machine Learning Engineer - Regulatory,ML Engineer,Not specified,Cboe Global Markets,3.7,Stock Exchanges,Finance,Lenexa,KS,501 to 1000 employees,1973.0,$500 million to $1 billion (USD),61000,113000,87000.0,False,2860,1,1,1,0,0,0,1,0,0,0,1,0,0,0,1,0,0,0,0,0,0,0,0,0,0,0
Data Engineer,Data Engineer,Not specified,Guidepoint,3.2,Research & Development,Business Services,New York,NY,501 to 1000 employees,2003.0,Unknown / Non-Applicable,43000,86000,64500.0,False,2926,1,1,1,0,0,0,0,1,1,0,0,0,0,0,0,0,0,0,0,0,0,0,0,1,0,0
"Scientist, Bacteriology",Other/Unspecified,Not specified,Cerus Corporation,2.1,Biotech & Pharmaceuticals,Biotech & Pharmaceuticals,Concord,CA,201 to 500 employees,,$25 to $50 million (USD),74000,149000,111500.0,False,4300,0,0,1,0,0,0,0,0,0,0,0,0,0,0,0,0,0,0,0,0,0,0,0,0,0,0
"Associate Director, Platform and DevOps- Data Engineering and Aritifical Intelligence",Data Engineer,Not specified,Takeda Pharmaceuticals,3.7,Biotech & Pharmaceuticals,Biotech & Pharmaceuticals,Cambridge,MA,10000+ employees,1781.0,$10+ billion (USD),113000,196000,154500.0,False,6817,0,1,1,0,0,1,1,1,0,0,1,1,0,0,0,0,0,0,0,1,0,0,1,0,0,0
Senior Data Scientist,Data Scientist,Senior,Maven Wave Partners,4.4,Consulting,Business Services,Chicago,IL,201 to 500 employees,2008.0,$50 to $100 million (USD),97000,160000,128500.0,False,3160,1,1,1,1,0,0,1,1,1,1,1,0,0,0,1,0,0,0,1,0,0,0,0,0,0,0
Clinical Laboratory Scientist,Other/Unspecified,Not specified,Vail Health,3.7,Health Care Services & Hospitals,Health Care,Vail,CO,501 to 1000 employees,1966.0,$100 to $500 million (USD),48000,78000,31500.0,False,1945,0,0,0,0,0,0,0,0,0,0,0,0,0,0,0,0,0,0,1,0,0,0,0,0,0,0
Senior Data Scientist - R&D Oncology,Data Scientist,Senior,AstraZeneca,3.9,Biotech & Pharmaceuticals,Biotech & Pharmaceuticals,New York,NY,10000+ employees,1913.0,$10+ billion (USD),102000,172000,137000.0,False,3169,1,0,0,0,0,0,0,0,0,0,1,0,0,0,0,0,0,0,1,0,0,0,0,0,0,0
Data Engineer,Data Engineer,Not specified,Pinnacol Assurance,4.0,Insurance Carriers,Insurance,Denver,CO,501 to 1000 employees,1915.0,$500 million to $1 billion (USD),74000,124000,99000.0,False,4701,1,1,0,0,0,0,0,1,0,1,0,0,0,0,0,0,0,0,0,1,1,0,1,1,0,0
Senior Data Scientist,Data Scientist,Senior,MathWorks,4.4,Computer Hardware & Software,Information Technology,Natick,MA,1001 to 5000 employees,1984.0,$1 to $2 billion (USD),108000,171000,139500.0,False,2518,1,1,0,1,1,0,0,0,0,0,0,0,0,0,0,0,0,0,0,0,0,0,0,1,0,0
Data Engineer,Data Engineer,Not specified,MetroStar Systems,3.4,IT Services,Information Technology,Rockville,MD,201 to 500 employees,1999.0,$25 to $50 million (USD),76000,142000,109000.0,False,3677,0,0,0,0,0,0,0,1,0,0,0,0,0,0,0,0,0,0,0,0,0,1,0,0,0,0
"Director II, Data Science - GRM Actuarial",Director,Not specified,Liberty Mutual Insurance,3.3,Insurance Carriers,Insurance,Chicago,IL,10000+ employees,1912.0,$10+ billion (USD),202000,306000,254000.0,True,4471,1,0,0,0,0,0,0,0,0,0,0,0,0,0,0,1,0,0,1,0,0,0,0,0,0,0
"Scientist, Molecular/Cellular Biologist",Other/Unspecified,Not specified,Audentes Therapeutics,2.9,Biotech & Pharmaceuticals,Biotech & Pharmaceuticals,South San Francisco,CA,201 to 500 employees,2012.0,Unknown / Non-Applicable,49000,97000,73000.0,False,3725,0,0,0,0,0,0,0,0,0,0,0,0,0,0,0,0,0,0,0,0,0,0,0,0,0,0
Scientist - Analytical Services,Other/Unspecified,Not specified,Reynolds American,3.1,Consumer Products Manufacturing,Manufacturing,Winston-Salem,NC,5001 to 10000 employees,1875.0,$10+ billion (USD),65000,134000,99500.0,False,7121,0,0,1,0,0,0,0,0,0,0,0,0,0,0,0,0,0,0,1,0,0,0,0,0,0,0
Associate Data Analyst- Graduate Development Program,Analyst,Not specified,National Interstate,3.3,Insurance Carriers,Insurance,Richfield,OH,501 to 1000 employees,1989.0,$500 million to $1 billion (USD),32000,59000,45500.0,False,2867,0,0,0,0,0,0,0,0,0,0,0,0,0,0,0,0,0,0,1,0,0,0,0,0,0,0
Sr. Data Engineer,Data Engineer,Senior,Moser Consulting,4.5,Consulting,Business Services,Indianapolis,IN,51 to 200 employees,1996.0,$25 to $50 million (USD),87000,158000,122500.0,False,2311,1,1,0,0,0,1,1,1,1,1,1,0,0,0,1,0,1,0,0,1,1,0,1,1,0,0
Senior Insurance Data Scientist,Data Scientist,Senior,TransUnion,3.9,Financial Analytics & Research,Finance,Chicago,IL,5001 to 10000 employees,1968.0,$1 to $2 billion (USD),107000,173000,140000.0,False,5338,1,1,1,0,0,0,0,0,0,0,1,0,0,0,0,1,0,0,1,0,0,0,0,0,0,0
Senior Data Science Systems Engineer,Other/Unspecified,Senior,MITRE,3.2,Federal Agencies,Government,Hampton,VA,5001 to 10000 employees,1958.0,$1 to $2 billion (USD),56000,99000,77500.0,False,3243,0,0,0,0,0,0,0,0,0,0,0,0,0,0,0,0,0,0,0,0,0,0,0,0,0,0
ENVIRONMENTAL ENGINEER/SCIENTIST,Other/Unspecified,Not specified,Mcphail Associates,3.3,Construction,"Construction, Repair & Maintenance",Cambridge,MA,1 to 50 employees,1976.0,Unknown / Non-Applicable,50000,56000,26500.0,False,1848,0,0,1,0,0,0,0,0,0,0,0,0,0,0,0,0,0,0,0,0,0,0,0,0,0,0
Senior Scientist - Regulatory Submissions,Other/Unspecified,Senior,Reynolds American,3.1,Consumer Products Manufacturing,Manufacturing,Winston-Salem,NC,5001 to 10000 employees,1875.0,$10+ billion (USD),80000,155000,117500.0,False,7361,0,0,1,0,0,0,0,0,0,0,0,0,0,0,0,0,0,0,0,0,0,0,0,0,0,0
Scientist - Biomarker and Flow Cytometry,Other/Unspecified,Not specified,Crown Bioscience,2.4,Biotech & Pharmaceuticals,Biotech & Pharmaceuticals,San Diego,CA,501 to 1000 employees,2006.0,$50 to $100 million (USD),43000,98000,70500.0,False,3374,0,0,0,0,0,0,0,0,0,0,0,0,0,0,0,0,0,0,0,0,0,0,0,0,0,0
Revenue Analytics Manager,Manager,Not specified,HOVER,4.8,Computer Hardware & Software,Information Technology,San Francisco,CA,51 to 200 employees,2011.0,$25 to $50 million (USD),45000,78000,61500.0,False,3693,0,1,1,1,0,0,0,0,0,0,0,0,0,0,0,0,0,0,0,0,0,0,0,0,0,0
"Associate Scientist, LC/MS Biologics",Other/Unspecified,Not specified,Q2 Solutions,2.9,Biotech & Pharmaceuticals,Biotech & Pharmaceuticals,Ithaca,NY,1001 to 5000 employees,2015.0,Unknown / Non-Applicable,44000,96000,70000.0,False,4707,0,0,1,0,0,0,0,0,0,0,0,0,0,0,0,0,0,0,0,0,0,0,0,0,0,0
Sr. Scientist Method Development,Other/Unspecified,Senior,Q2 Solutions,2.9,Biotech & Pharmaceuticals,Biotech & Pharmaceuticals,Marietta,GA,1001 to 5000 employees,2015.0,Unknown / Non-Applicable,50000,110000,80000.0,False,4613,0,0,1,0,0,0,0,0,0,0,0,0,0,0,0,0,0,0,0,0,0,0,0,0,0,0
IT - Data Engineer II,Data Engineer,Not specified,Arbella Insurance,3.4,Insurance Carriers,Insurance,Quincy,MA,1001 to 5000 employees,1988.0,$100 to $500 million (USD),61000,119000,90000.0,False,2752,0,1,1,0,0,1,1,0,0,0,0,0,0,0,1,0,0,0,0,0,0,0,0,0,0,0
"Research Scientist, Immunology - Cancer Biology",Other/Unspecified,Not specified,Kronos Bio,,-1,-1,Cambridge,MA,Unknown,,Unknown / Non-Applicable,100000,140000,120000.0,False,3309,0,0,1,0,0,0,0,0,0,0,0,0,0,0,0,0,0,0,0,0,0,0,0,0,0,0
"Project Scientist - Auton Lab, Robotics Institute",Other/Unspecified,Not specified,Software Engineering Institute,2.6,Colleges & Universities,Education,Pittsburgh,PA,501 to 1000 employees,1984.0,Unknown / Non-Applicable,56000,91000,73500.0,False,3078,0,0,1,0,0,0,0,0,0,0,1,0,0,0,0,0,0,0,1,0,0,0,0,0,0,0
"Enterprise Architect, Data",Other/Unspecified,Not specified,MassMutual,3.6,Insurance Carriers,Insurance,Boston,MA,5001 to 10000 employees,1851.0,$10+ billion (USD),101000,158000,129500.0,False,4624,1,1,1,1,1,1,1,1,0,0,0,0,0,0,1,0,0,0,0,0,0,0,0,1,0,0
"Senior Manager, Epidemiologic Data Scientist",Data Scientist,Senior,Pfizer,4.0,Biotech & Pharmaceuticals,Biotech & Pharmaceuticals,New York,NY,10000+ employees,1849.0,$10+ billion (USD),125000,210000,167500.0,False,4914,0,0,1,0,0,0,0,1,0,0,0,0,0,0,0,0,0,0,0,0,0,0,0,0,0,0
Corporate Risk Data Analyst (SQL Based) - Milwaukee or,Analyst,Not specified,Associated Banc-Corp,3.8,Banks & Credit Unions,Finance,Green Bay,WI,1001 to 5000 employees,1870.0,$1 to $2 billion (USD),43000,77000,60000.0,False,4103,0,0,1,0,0,0,0,1,0,0,0,0,0,0,0,0,0,0,0,0,0,0,0,0,0,0
Lead Data Scientist,Data Scientist,Senior,Zest AI,3.9,Financial Analytics & Research,Finance,Burbank,CA,51 to 200 employees,2009.0,$50 to $100 million (USD),139000,221000,180000.0,False,3199,1,1,1,0,0,0,0,0,0,0,1,0,0,0,0,0,0,0,1,0,0,0,0,0,0,0
"Marketing Data Analyst, May 2020 Undergrad",Analyst,Not specified,Fareportal,3.8,Travel Agencies,Travel & Tourism,New York,NY,1001 to 5000 employees,2002.0,$2 to $5 billion (USD),44000,86000,65000.0,False,2501,0,1,1,0,0,0,0,0,0,0,0,0,0,0,0,1,0,0,1,0,0,0,0,0,0,0
Senior Data Engineer,Data Engineer,Senior,Genesys,4.3,Computer Hardware & Software,Information Technology,Durham,NC,5001 to 10000 employees,1990.0,$1 to $2 billion (USD),78000,147000,112500.0,False,4577,1,0,0,0,0,1,1,1,0,0,0,0,0,0,1,0,0,0,0,0,0,0,0,0,0,0
Senior Data Analyst,Analyst,Senior,Moda Operandi,1.9,"Department, Clothing, & Shoe Stores",Retail,New York,NY,201 to 500 employees,2010.0,$100 to $500 million (USD),65000,110000,87500.0,False,4537,1,1,1,0,0,0,0,0,0,0,0,0,0,0,0,1,0,0,1,0,0,0,0,0,0,0
Data Modeler - Data Solutions Engineer,Other/Unspecified,Not specified,Liberty Mutual Insurance,3.3,Insurance Carriers,Insurance,Indianapolis,IN,10000+ employees,1912.0,$10+ billion (USD),37000,66000,51500.0,False,4323,1,1,1,0,1,0,0,0,0,0,0,0,0,0,0,0,0,0,0,0,0,0,1,1,0,0
Associate Environmental Scientist - Wildlife Biologist,Other/Unspecified,Not specified,QK,4.7,Architectural & Engineering Services,Business Services,Clovis,CA,51 to 200 employees,1972.0,$10 to $25 million (USD),38000,64000,51000.0,False,4223,0,0,1,0,0,0,0,0,0,0,0,0,0,0,0,0,0,0,0,0,0,0,0,0,0,0
"Associate, Data Science, Internal Audit",Other/Unspecified,Not specified,Santander,3.1,Banks & Credit Unions,Finance,Boston,MA,10000+ employees,1856.0,$10+ billion (USD),43000,82000,62500.0,False,3325,1,1,1,0,0,0,0,0,0,0,0,0,0,0,0,1,0,0,1,0,0,0,0,0,0,0
Sr Data Engineer (Sr BI Developer),Data Engineer,Senior,Tivity Health,3.4,Health Care Services & Hospitals,Health Care,Chandler,AZ,501 to 1000 employees,1981.0,Unknown / Non-Applicable,90000,110000,100000.0,False,3889,0,1,0,0,0,0,1,0,0,0,0,0,0,0,0,0,0,0,0,0,0,0,0,1,0,0
Data Engineer,Data Engineer,Not specified,BRMi,4.4,IT Services,Information Technology,Chantilly,VA,51 to 200 employees,2004.0,Unknown / Non-Applicable,61000,109000,85000.0,False,2869,1,0,0,0,0,1,1,1,1,0,0,0,0,0,1,0,1,0,1,0,0,0,0,0,0,0
Senior LiDAR Data Scientist,Data Scientist,Senior,Luminar Technologies,3.9,Computer Hardware & Software,Information Technology,Orlando,FL,201 to 500 employees,2012.0,Unknown / Non-Applicable,93000,151000,122000.0,False,5647,1,0,0,0,0,0,0,1,0,0,0,0,0,0,0,0,0,0,1,0,0,0,0,0,0,0
Salesforce Analytics Consultant,Other/Unspecified,Not specified,"Emtec, Inc.",3.9,Enterprise Software & Network Solutions,Information Technology,Chicago,IL,501 to 1000 employees,1995.0,$100 to $500 million (USD),52000,81000,66500.0,False,4759,1,1,0,1,1,0,0,0,0,0,0,0,0,0,0,1,0,0,0,0,0,0,0,0,0,0
"Technology-Minded, Data Professional Opportunities",Other/Unspecified,Not specified,Veterans United Home Loans,4.7,Lending,Finance,Columbia,MO,1001 to 5000 employees,2002.0,Unknown / Non-Applicable,40000,101000,70500.0,False,2708,0,1,1,1,0,1,1,0,0,0,0,0,0,0,0,0,0,0,0,0,0,0,0,1,0,0
Senior Data Engineer,Data Engineer,Senior,Praetorian,4.7,Security Services,Business Services,Austin,TX,51 to 200 employees,2010.0,$10 to $25 million (USD),97000,180000,138500.0,False,4854,1,1,0,0,0,1,0,0,0,0,1,0,1,0,0,0,0,0,0,1,0,1,0,1,0,0
Managing Data Scientist/ML Engineer,Data Scientist,Not specified,PA Consulting,3.4,Consulting,Business Services,Boston,MA,1001 to 5000 employees,1943.0,$100 to $500 million (USD),81000,134000,107500.0,False,8761,0,1,1,1,0,1,1,0,0,0,1,0,0,0,0,0,0,1,1,0,0,0,1,0,0,0
"Scientist, Pharmacometrics",Other/Unspecified,Not specified,Agios Pharmaceuticals,3.8,Biotech & Pharmaceuticals,Biotech & Pharmaceuticals,Cambridge,MA,501 to 1000 employees,2008.0,$50 to $100 million (USD),84000,157000,120500.0,False,2683,0,0,0,0,0,0,0,0,0,0,0,0,0,0,0,1,0,0,1,0,0,0,0,0,0,0
Staff Scientist- Upstream PD,Other/Unspecified,Not specified,Advanced BioScience Laboratories,2.7,Biotech & Pharmaceuticals,Biotech & Pharmaceuticals,Rockville,MD,201 to 500 employees,1961.0,$25 to $50 million (USD),49000,113000,81000.0,False,4740,0,0,0,0,0,0,0,0,0,0,0,0,0,0,0,0,0,0,0,0,0,0,0,0,0,0
Scientist Manufacturing Pharma - Kentucky BioProcessing,Other/Unspecified,Not specified,Reynolds American,3.1,Consumer Products Manufacturing,Manufacturing,Owensboro,KY,5001 to 10000 employees,1875.0,$10+ billion (USD),68000,139000,103500.0,False,5169,0,0,0,0,0,0,0,0,0,0,0,0,0,0,0,0,0,0,0,0,0,0,0,0,0,0
Lead Big Data Engineer,Data Engineer,Senior,Glassdoor,4.0,Internet,Information Technology,San Francisco,CA,1001 to 5000 employees,2007.0,Unknown / Non-Applicable,121000,203000,162000.0,False,3978,1,0,1,0,0,1,1,1,0,0,1,0,0,0,1,0,1,0,0,0,0,0,0,0,0,0
Product Engineer – Spatial Data Science and Statistical Analysis,Other/Unspecified,Not specified,Esri,3.5,Computer Hardware & Software,Information Technology,Redlands,CA,1001 to 5000 employees,1969.0,$1 to $2 billion (USD),52000,85000,68500.0,False,3413,1,0,1,0,0,1,0,0,0,0,1,0,1,1,0,0,0,0,1,0,0,0,0,0,0,0
Sr Software Engineer (Data Scientist),Data Scientist,Senior,Assurant,3.4,Insurance Carriers,Insurance,Westlake,OH,10000+ employees,1978.0,$5 to $10 billion (USD),81000,140000,110500.0,False,1735,0,0,1,0,0,0,0,0,0,0,1,0,1,1,0,0,0,0,1,0,0,0,0,1,0,0
Sr. Data Engineer (ETL Developer),Data Engineer,Senior,F&G,3.7,Insurance Carriers,Insurance,Des Moines,IA,201 to 500 employees,,$100 to $500 million (USD),83000,148000,115500.0,False,6569,1,1,1,1,0,0,0,0,0,0,0,0,0,0,0,0,0,0,0,0,0,0,0,1,0,0
Senior Data Scientist Artificial Intelligence,Data Scientist,Senior,PNNL,3.8,Energy,"Oil, Gas, Energy & Utilities",Richland,WA,1001 to 5000 employees,1965.0,$500 million to $1 billion (USD),60000,101000,80500.0,False,5188,0,0,0,0,0,0,0,0,0,0,1,1,1,1,0,0,0,1,0,0,0,0,0,0,0,0
Analytics - Business Assurance Data Analyst,Analyst,Not specified,GreatAmerica Financial Services,4.6,Lending,Finance,Cedar Rapids,IA,501 to 1000 employees,1992.0,$100 to $500 million (USD),31000,55000,43000.0,False,4328,0,1,1,1,0,0,0,0,0,0,0,0,0,0,0,0,0,0,0,0,0,0,0,0,0,0
"Associate Director/Director, Safety Scientist",Director,Not specified,Acceleron Pharma,4.4,Biotech & Pharmaceuticals,Biotech & Pharmaceuticals,Cambridge,MA,201 to 500 employees,2003.0,Unknown / Non-Applicable,102000,178000,140000.0,False,5449,0,0,1,0,0,0,0,0,0,0,0,0,0,0,0,0,0,0,0,0,0,0,0,0,0,0
"Senior Scientist, Cell Pharmacology/Assay Development",Other/Unspecified,Senior,Kronos Bio,,-1,-1,Cambridge,MA,Unknown,,Unknown / Non-Applicable,110000,130000,120000.0,False,3214,0,0,0,0,0,0,0,0,0,0,0,0,0,0,0,0,0,0,0,0,0,0,0,0,0,0
Data Analyst Senior,Analyst,Senior,AmeriHealth Caritas,3.0,Insurance Carriers,Insurance,Philadelphia,PA,5001 to 10000 employees,1983.0,$5 to $10 billion (USD),48000,85000,66500.0,False,3766,0,1,1,1,0,0,0,0,0,0,0,0,0,0,0,1,0,0,1,0,0,0,0,1,0,0
Lead Data Engineer (Python),Data Engineer,Senior,Strategic Employment Partners,4.7,Staffing & Outsourcing,Business Services,San Francisco,CA,51 to 200 employees,2006.0,$1 to $5 million (USD),66000,123000,94500.0,False,1504,1,0,0,0,0,0,0,1,0,1,0,0,0,0,0,0,0,0,0,0,0,0,0,0,0,0
Senior Data Scientist 4 Artificial Intelligence,Data Scientist,Senior,PNNL,3.8,Energy,"Oil, Gas, Energy & Utilities",Seattle,WA,1001 to 5000 employees,1965.0,$500 million to $1 billion (USD),92000,146000,119000.0,False,5186,0,0,0,0,0,0,0,0,0,0,1,1,1,1,0,0,0,1,0,0,0,0,0,0,0,0
Medical Lab Scientist - MLT,Other/Unspecified,Not specified,Catholic Health Initiatives,3.2,Health Care Services & Hospitals,Health Care,Omaha,NE,10000+ employees,1996.0,$10+ billion (USD),42000,58000,25000.0,False,1844,0,0,0,0,0,0,0,0,0,0,0,0,0,0,0,0,0,0,0,0,0,0,0,0,0,0
"Senior Operations Data Analyst, Call Center Operations",Analyst,Senior,FLEETCOR,2.7,Financial Transaction Processing,Finance,Nashville,TN,5001 to 10000 employees,2000.0,$2 to $5 billion (USD),20000,34000,13500.0,False,4299,0,0,1,1,0,0,0,0,0,0,0,0,0,0,0,0,0,0,1,0,0,0,0,0,0,0
"Director II, Data Science - GRS Predictive Analytics",Director,Not specified,Liberty Mutual Insurance,3.3,Insurance Carriers,Insurance,Chicago,IL,10000+ employees,1912.0,$10+ billion (USD),150000,239000,194500.0,True,3935,1,0,0,0,0,0,0,0,0,0,0,0,0,0,0,1,0,0,1,0,0,0,0,0,0,0
RESEARCH COMPUTER SCIENTIST - RESEARCH ENGINEER - SR. COMPUTER SCIENTIST - SOFTWARE DEVELOPMENT,Other/Unspecified,Senior,Southwest Research Institute,3.9,Research & Development,Business Services,San Antonio,TX,1001 to 5000 employees,1947.0,$500 million to $1 billion (USD),52000,91000,71500.0,False,2332,1,1,1,0,0,0,0,1,1,1,0,0,0,0,1,0,0,0,0,1,1,1,0,0,0,0
Geospatial Software Developer and Data Scientist,Data Scientist,Not specified,Applied Research Laboratories,3.7,Colleges & Universities,Education,Austin,TX,501 to 1000 employees,,Unknown / Non-Applicable,82000,129000,105500.0,False,8734,1,0,0,0,0,0,0,1,0,0,1,1,1,1,0,0,0,0,1,0,0,1,0,0,0,0
Senior Scientist - Toxicologist - Product Integrity (Stewardship),Other/Unspecified,Senior,Reynolds American,3.1,Consumer Products Manufacturing,Manufacturing,Winston-Salem,NC,5001 to 10000 employees,1875.0,$10+ billion (USD),47000,101000,74000.0,False,6034,0,0,1,0,0,0,0,0,0,0,0,0,0,0,0,0,0,0,0,0,0,0,0,0,0,0
Systems Engineer II - Data Analyst,Analyst,Not specified,Raytheon,3.7,Aerospace & Defense,Aerospace & Defense,Huntsville,AL,10000+ employees,1922.0,$10+ billion (USD),49000,76000,62500.0,False,4774,0,0,1,0,0,0,0,0,0,0,0,0,0,0,0,0,0,0,0,0,0,0,0,0,0,0
Senior Research Analytical Scientist-Non-Targeted Analysis,Other/Unspecified,Senior,RTI International,4.3,Research & Development,Business Services,Durham,NC,1001 to 5000 employees,1958.0,$500 million to $1 billion (USD),43000,88000,65500.0,False,2222,0,0,0,0,0,0,0,0,0,0,0,0,0,0,0,0,0,0,0,0,0,0,0,0,0,0
Director Data Science,Director,Not specified,TRANZACT,3.6,Advertising & Marketing,Business Services,Fort Lee,NJ,1001 to 5000 employees,1989.0,Unknown / Non-Applicable,124000,199000,161500.0,False,5121,1,1,1,1,1,0,0,1,0,0,0,0,0,0,0,0,0,0,1,0,0,0,0,0,0,0
Sr Data Analyst - IT,Analyst,Senior,United BioSource,2.1,Biotech & Pharmaceuticals,Biotech & Pharmaceuticals,Blue Bell,PA,1001 to 5000 employees,2003.0,$100 to $500 million (USD),52000,93000,72500.0,False,1359,0,1,1,1,0,0,0,0,0,0,0,0,0,0,0,0,0,0,0,0,0,0,0,0,0,0
Senior Data Engineer,Data Engineer,Senior,Figure Eight,3.9,Computer Hardware & Software,Information Technology,San Francisco,CA,51 to 200 employees,2008.0,$10 to $25 million (USD),97000,181000,139000.0,False,4915,1,0,1,0,0,0,0,1,0,0,1,0,0,0,1,0,1,0,0,1,0,1,0,0,0,0
Senior Data Engineer,Data Engineer,Senior,Tapjoy,3.9,Internet,Information Technology,San Francisco,CA,201 to 500 employees,2007.0,$10 to $25 million (USD),100000,173000,136500.0,False,3466,0,1,0,0,0,0,0,0,0,0,1,0,0,0,1,0,0,0,0,0,0,0,0,0,1,0
Associate Machine Learning Engineer / Data Scientist May 2020 Undergrad,Data Scientist,Not specified,Fareportal,3.8,Travel Agencies,Travel & Tourism,New York,NY,1001 to 5000 employees,2002.0,$2 to $5 billion (USD),53000,96000,74500.0,False,3172,1,0,0,0,0,1,0,0,0,0,1,0,0,0,0,0,1,0,0,0,0,0,0,0,0,0
Senior Scientist - Biostatistician,Other/Unspecified,Senior,Reynolds American,3.1,Consumer Products Manufacturing,Manufacturing,Winston-Salem,NC,5001 to 10000 employees,1875.0,$10+ billion (USD),65000,96000,80500.0,False,5749,0,0,1,0,0,0,0,0,0,0,0,0,0,0,0,1,0,0,1,0,0,0,0,0,0,0
Data Scientist,Data Scientist,Not specified,Royce Geospatial,5.0,Aerospace & Defense,Aerospace & Defense,Springfield,VA,51 to 200 employees,2014.0,$10 to $25 million (USD),75000,127000,101000.0,False,2711,1,1,0,0,0,0,0,0,0,0,0,0,0,0,1,1,0,0,1,0,0,0,0,0,0,0
Data Scientist,Data Scientist,Not specified,Citi,3.6,Investment Banking & Asset Management,Finance,Jersey City,NJ,10000+ employees,1812.0,$10+ billion (USD),94000,139000,116500.0,False,3948,0,1,1,0,0,0,0,0,0,0,0,0,0,0,0,0,0,0,0,0,0,0,0,0,0,0
Principal Machine Learning Scientist,ML Engineer,Senior,Sage Intacct,4.7,Computer Hardware & Software,Information Technology,San Francisco,CA,501 to 1000 employees,1999.0,Unknown / Non-Applicable,176000,289000,232500.0,True,3855,1,1,0,0,0,0,0,0,0,0,1,0,0,0,0,0,0,0,1,0,0,0,0,0,0,0
Data Scientist,Data Scientist,Not specified,Scale AI,3.5,Enterprise Software & Network Solutions,Information Technology,San Francisco,CA,51 to 200 employees,2016.0,Unknown / Non-Applicable,92000,149000,120500.0,False,2288,1,1,0,0,0,0,0,0,0,0,1,0,0,0,0,0,0,0,1,0,0,0,0,1,0,0
Data Scientist,Data Scientist,Not specified,Change Healthcare,2.7,IT Services,Information Technology,Emeryville,CA,10000+ employees,2007.0,Unknown / Non-Applicable,118000,188000,153000.0,False,6995,1,1,0,0,0,1,0,1,0,1,1,1,1,1,0,0,0,0,1,1,0,0,0,0,0,0
Data Scientist,Data Scientist,Not specified,MZ,3.4,Internet,Information Technology,Palo Alto,CA,501 to 1000 employees,2008.0,Unknown / Non-Applicable,108000,146000,127000.0,False,3362,1,1,0,0,0,1,1,0,0,0,1,0,0,0,0,0,1,0,1,0,0,0,0,0,0,0
Data Scientist,Data Scientist,Not specified,HG Insights,4.7,Computer Hardware & Software,Information Technology,Santa Barbara,CA,51 to 200 employees,2010.0,Unknown / Non-Applicable,65000,106000,85500.0,False,3740,1,0,1,0,0,1,1,0,0,0,1,0,1,0,1,0,1,1,0,0,0,0,0,0,0,0
Data Scientist,Data Scientist,Not specified,"1-800-FLOWERS.COM, Inc.",2.8,Wholesale,Business Services,Carle Place,NY,1001 to 5000 employees,1976.0,$1 to $2 billion (USD),55000,98000,76500.0,False,3000,1,1,1,1,0,0,0,0,0,0,0,0,0,0,0,1,0,0,1,0,0,0,0,0,0,0
Data Scientist,Data Scientist,Not specified,CBS Interactive,3.5,TV Broadcast & Cable Networks,Media,New York,NY,1001 to 5000 employees,1992.0,$500 million to $1 billion (USD),94000,162000,128000.0,False,4140,1,1,0,1,0,1,1,0,0,1,1,0,1,0,0,0,0,0,1,1,0,1,1,0,0,0
Data Engineer,Data Engineer,Not specified,"Numeric, LLC",3.2,Staffing & Outsourcing,Business Services,King of Prussia,PA,1 to 50 employees,,$5 to $10 million (USD),63000,120000,91500.0,False,1484,1,1,1,0,0,1,1,1,0,0,0,0,0,0,1,0,1,0,0,0,0,0,0,0,0,0
Staff Data Engineer,Data Engineer,Not specified,Samsung Research America,3.7,Computer Hardware & Software,Information Technology,Mountain View,CA,1001 to 5000 employees,1988.0,$50 to $100 million (USD),126000,228000,177000.0,False,3218,1,0,0,0,0,1,1,1,0,0,0,0,0,0,0,0,1,0,1,0,0,0,0,0,0,0
Data Scientist,Data Scientist,Not specified,Systems & Technology Research,4.7,Aerospace & Defense,Aerospace & Defense,Arlington,VA,201 to 500 employees,2010.0,$100 to $500 million (USD),80000,134000,107000.0,False,3703,1,1,1,0,0,1,1,0,0,0,1,1,1,1,0,0,0,0,1,0,0,0,0,0,0,0
Data Scientist,Data Scientist,Not specified,Netskope,4.1,Enterprise Software & Network Solutions,Information Technology,Santa Clara,CA,501 to 1000 employees,2012.0,Unknown / Non-Applicable,120000,189000,154500.0,False,4203,1,0,1,0,0,1,0,0,0,0,1,0,1,0,0,0,0,1,1,0,0,0,0,0,0,0
Data Scientist,Data Scientist,Not specified,Lorven Technologies Inc,4.0,Accounting,Accounting & Legal,Santa Clara,CA,1 to 50 employees,,Less than $1 million (USD),85000,142000,113500.0,False,1034,1,1,0,0,0,1,0,0,0,0,1,0,0,0,0,0,0,0,1,0,0,0,0,0,0,0
Data Scientist,Data Scientist,Not specified,CareDx,2.5,Biotech & Pharmaceuticals,Biotech & Pharmaceuticals,Brisbane,CA,1 to 50 employees,,Unknown / Non-Applicable,111000,176000,143500.0,False,3885,1,1,1,0,0,0,0,0,0,0,1,0,0,0,1,0,0,0,1,1,0,1,0,1,0,0
Data Scientist,Data Scientist,Not specified,Serigor Inc.,3.9,IT Services,Information Technology,San Francisco,CA,1 to 50 employees,,Less than $1 million (USD),87000,140000,113500.0,False,2759,1,1,0,0,0,0,0,0,0,0,0,0,0,0,0,0,0,0,1,0,0,1,0,0,0,0
Data Scientist,Data Scientist,Not specified,Leidos,3.4,Aerospace & Defense,Aerospace & Defense,Springfield,VA,10000+ employees,1969.0,$10+ billion (USD),76000,127000,101500.0,False,2882,1,0,0,0,0,0,0,1,0,0,0,0,1,1,0,0,0,1,1,0,0,0,0,0,0,0
"Data Analyst, Performance Partnership",Analyst,Not specified,Beckman Coulter Diagnostics,3.6,Health Care Products Manufacturing,Manufacturing,New York,NY,10000+ employees,1935.0,$2 to $5 billion (USD),54000,92000,73000.0,False,6513,0,1,1,1,1,0,0,1,1,1,0,0,0,0,0,0,0,0,1,0,0,0,0,1,0,0
Data Scientist,Data Scientist,Not specified,IHS Markit,3.5,Consulting,Business Services,New York,NY,10000+ employees,2016.0,$2 to $5 billion (USD),61000,100000,80500.0,False,6438,1,1,0,0,0,0,0,1,0,0,1,0,0,0,0,0,0,0,1,0,0,0,0,0,0,0
Data Scientist,Data Scientist,Not specified,ALIN,,-1,-1,New York,NY,Unknown,,Unknown / Non-Applicable,81000,140000,110500.0,False,1838,1,1,0,0,0,0,0,0,0,0,1,1,1,0,0,0,0,1,0,0,0,0,1,0,0,0
Data Scientist,Data Scientist,Not specified,e-IT Professionals Corp.,3.5,"Health, Beauty, & Fitness",Consumer Services,Foster City,CA,51 to 200 employees,,$5 to $10 million (USD),108000,171000,139500.0,False,1131,1,1,0,0,0,0,0,0,0,0,1,0,0,0,0,0,0,0,1,0,0,0,0,0,0,0
Data Scientist,Data Scientist,Not specified,TechProjects,4.8,IT Services,Information Technology,New York,NY,1 to 50 employees,2011.0,Unknown / Non-Applicable,112000,179000,145500.0,False,2145,1,1,1,1,0,0,0,0,0,0,0,0,0,0,0,0,0,0,1,0,0,0,0,1,0,0
Data Scientist,Data Scientist,Not specified,Biz2Credit Inc,4.0,Lending,Finance,New York,NY,201 to 500 employees,2007.0,$100 to $500 million (USD),63000,111000,87000.0,False,2496,0,0,1,0,0,0,0,0,0,0,0,0,0,0,0,0,0,0,1,0,0,0,0,0,0,0
Data Scientist,Data Scientist,Not specified,PeoplesBank,4.2,Banks & Credit Unions,Finance,Holyoke,MA,201 to 500 employees,1885.0,$50 to $100 million (USD),75000,126000,100500.0,False,5013,0,1,1,0,0,0,0,0,0,0,0,0,0,0,0,0,0,0,1,0,0,0,0,0,0,0
Data Scientist Manager,Data Scientist,Not specified,Capgemini,3.8,Enterprise Software & Network Solutions,Information Technology,New York,NY,10000+ employees,1967.0,$10+ billion (USD),110000,184000,147000.0,False,5478,1,1,1,0,0,1,1,0,1,0,1,0,0,0,0,1,0,1,1,0,0,0,1,0,1,0
Data Engineer,Data Engineer,Not specified,GNY Insurance Companies,3.7,Insurance Carriers,Insurance,New York,NY,201 to 500 employees,1914.0,$100 to $500 million (USD),76000,145000,110500.0,False,1506,1,1,1,0,0,0,0,0,0,0,0,0,0,0,0,0,0,0,0,0,0,0,0,1,0,0
Data Scientist,Data Scientist,Not specified,"Conch Technologies, Inc",4.6,Consulting,Business Services,Waltham,MA,51 to 200 employees,,$5 to $10 million (USD),70000,118000,94000.0,False,2956,1,1,0,1,1,1,1,1,1,0,1,0,0,0,0,0,0,0,1,0,0,0,1,0,0,0
Senior Data Scientist,Data Scientist,Senior,Medidata Solutions,4.3,Enterprise Software & Network Solutions,Information Technology,New York,NY,1001 to 5000 employees,1999.0,$500 million to $1 billion (USD),94000,153000,123500.0,False,4816,1,1,0,0,0,0,0,1,0,0,1,0,0,0,0,0,0,0,1,0,0,1,0,0,0,0
Software Data Engineer - College,Data Engineer,Not specified,HP Inc.,4.0,Computer Hardware & Software,Information Technology,Corvallis,OR,10000+ employees,1939.0,Unknown / Non-Applicable,49000,97000,73000.0,False,2195,0,0,0,0,0,0,0,0,0,0,0,0,0,0,0,0,0,0,0,0,0,0,1,0,0,0
Senior Data Scientist - Algorithms,Data Scientist,Senior,Quartet Health,3.9,Enterprise Software & Network Solutions,Information Technology,New York,NY,201 to 500 employees,2014.0,Unknown / Non-Applicable,150000,180000,165000.0,False,4815,1,0,0,0,0,0,1,0,0,0,1,0,0,0,0,0,1,0,1,0,0,1,0,0,0,0
Data Analyst,Analyst,Not specified,Success Academy Charter Schools,3.1,K-12 Education,Education,New York,NY,1001 to 5000 employees,2006.0,$100 to $500 million (USD),42000,77000,59500.0,False,4348,1,1,1,0,0,0,0,0,0,0,0,0,0,0,0,0,0,0,0,0,0,0,0,0,0,0
Data Analyst,Analyst,Not specified,AXION Healthcare Solutions,3.6,Health Care Services & Hospitals,Health Care,New York,NY,1 to 50 employees,1980.0,$10 to $25 million (USD),47000,85000,66000.0,False,2292,0,0,1,0,0,0,0,0,0,0,0,0,0,0,0,0,0,0,0,0,0,0,0,0,0,0
Data Scientist,Data Scientist,Not specified,ExecOnline,4.2,Education Training Services,Education,New York,NY,51 to 200 employees,2012.0,Unknown / Non-Applicable,56000,95000,75500.0,False,4341,1,1,0,1,0,0,1,1,0,0,1,0,0,0,0,0,0,1,1,0,0,0,0,0,1,0
Machine Learning Engineer,ML Engineer,Not specified,Mteq,4.0,Aerospace & Defense,Aerospace & Defense,Fort Belvoir,VA,501 to 1000 employees,1954.0,$100 to $500 million (USD),62000,112000,87000.0,False,3127,1,0,0,0,0,0,0,0,0,0,1,0,0,0,0,0,0,0,0,0,0,0,0,0,0,0
Senior Data Scientist Oncology,Data Scientist,Senior,AstraZeneca,3.9,Biotech & Pharmaceuticals,Biotech & Pharmaceuticals,Gaithersburg,MD,10000+ employees,1913.0,$10+ billion (USD),107000,173000,140000.0,False,4572,1,0,1,0,0,0,0,0,0,0,1,0,0,0,0,0,0,0,1,0,0,0,0,0,0,0
Data Scientist,Data Scientist,Not specified,Brillient,3.7,IT Services,Information Technology,Silver Spring,MD,201 to 500 employees,2006.0,$25 to $50 million (USD),64000,108000,86000.0,False,6626,1,0,1,0,0,0,0,0,0,0,1,0,0,0,0,1,0,0,1,0,0,0,0,0,0,0
Senior Data Scientist,Data Scientist,Senior,Entefy,4.4,Internet,Information Technology,Palo Alto,CA,1 to 50 employees,2012.0,Unknown / Non-Applicable,89000,144000,116500.0,False,1211,1,1,0,0,0,0,0,0,0,0,0,0,0,0,0,0,1,0,1,0,0,0,0,0,0,0
Data Engineer,Data Engineer,Not specified,Trace3,3.4,IT Services,Information Technology,Houston,TX,501 to 1000 employees,2002.0,$1 to $2 billion (USD),55000,105000,80000.0,False,7802,1,0,1,0,0,1,1,0,1,0,0,0,0,0,1,0,1,0,0,0,0,0,1,0,0,0
Principal Data Scientist,Data Scientist,Senior,Northrop Grumman,3.7,Aerospace & Defense,Aerospace & Defense,San Jose,CA,10000+ employees,1939.0,$10+ billion (USD),135000,211000,173000.0,False,5884,1,0,0,0,0,0,0,0,0,0,1,0,0,0,1,0,0,0,1,0,0,0,0,0,0,0
Data Engineer,Data Engineer,Not specified,Saama Technologies Inc,3.5,Biotech & Pharmaceuticals,Biotech & Pharmaceuticals,Phoenix,AZ,501 to 1000 employees,1997.0,Unknown / Non-Applicable,57000,80000,68500.0,False,1230,1,0,0,0,0,1,0,0,0,0,0,0,0,0,1,0,0,0,0,0,0,0,0,0,0,0
Data Scientist - Alpha Insights,Data Scientist,Not specified,Two Sigma,4.4,Investment Banking & Asset Management,Finance,New York,NY,1001 to 5000 employees,2001.0,Unknown / Non-Applicable,129000,215000,172000.0,False,3222,0,0,0,0,0,0,0,0,0,0,0,0,0,0,0,0,0,0,1,0,0,0,0,0,0,0
"Associate Principal Scientist, Pharmacogenomics",Other/Unspecified,Senior,AstraZeneca,3.9,Biotech & Pharmaceuticals,Biotech & Pharmaceuticals,Gaithersburg,MD,10000+ employees,1913.0,$10+ billion (USD),63000,127000,95000.0,False,3110,0,0,0,0,0,0,0,0,0,0,0,0,0,0,0,0,0,0,0,0,0,0,0,0,0,0
Data Scientist - Systems Engineering,Data Scientist,Not specified,MITRE,3.2,Federal Agencies,Government,Bedford,MA,5001 to 10000 employees,1958.0,$1 to $2 billion (USD),50000,89000,69500.0,False,4478,1,1,1,1,0,0,0,0,0,0,0,0,0,0,1,1,0,0,1,0,0,1,0,0,0,0
Data Scientist,Data Scientist,Not specified,Strategic Financial Solutions,4.0,Consumer Product Rental,Consumer Services,New York,NY,501 to 1000 employees,2007.0,Unknown / Non-Applicable,71000,124000,97500.0,False,3431,1,1,1,0,0,0,0,0,0,0,1,0,0,0,0,0,0,0,1,0,0,0,0,0,0,0
Data Scientist,Data Scientist,Not specified,"Remedy BPCI Partners, LLC.",3.4,Health Care Services & Hospitals,Health Care,New York,NY,201 to 500 employees,2011.0,Unknown / Non-Applicable,69000,121000,95000.0,False,3111,1,1,0,1,0,1,0,1,0,0,1,0,0,0,0,0,0,0,1,0,0,0,0,0,0,0
Principal Data Scientist,Data Scientist,Senior,The Climate Corporation,3.2,Enterprise Software & Network Solutions,Information Technology,San Francisco,CA,501 to 1000 employees,2006.0,Unknown / Non-Applicable,150000,238000,194000.0,True,4847,0,0,1,0,0,0,0,1,0,0,1,0,0,0,0,0,0,0,1,0,0,0,0,0,0,0
Data Scientist,Data Scientist,Not specified,Crossix Solutions,3.5,Advertising & Marketing,Business Services,New York,NY,201 to 500 employees,2005.0,Unknown / Non-Applicable,77000,132000,104500.0,False,4134,1,1,1,0,0,1,0,1,0,0,1,0,0,0,0,0,0,0,1,0,0,0,0,0,0,0
Data Engineer - Consultant (Charlotte Based),Data Engineer,Not specified,Clarity Insights,4.2,IT Services,Information Technology,Charlotte,NC,201 to 500 employees,2008.0,Unknown / Non-Applicable,59000,112000,85500.0,False,5192,1,1,1,0,0,0,1,0,0,0,1,0,0,0,1,0,1,0,0,0,0,0,1,1,0,0
"Data Analyst 1, full-time contract worker for up to 12 months",Analyst,Not specified,The Church of Jesus Christ of Latter-day Saints,4.2,Religious Organizations,Non-Profit,Salt Lake City,UT,10000+ employees,,Unknown / Non-Applicable,35000,65000,50000.0,False,4525,0,1,1,0,0,0,0,1,0,0,0,0,0,0,0,0,0,0,1,0,0,0,0,1,0,0
Data Engineer,Data Engineer,Not specified,NCSOFT,3.1,Video Games,Media,Aliso Viejo,CA,1001 to 5000 employees,1997.0,$10+ billion (USD),79000,147000,113000.0,False,2421,1,1,1,0,0,1,0,1,0,0,0,0,0,0,0,0,1,0,0,0,0,0,1,1,0,0
"Scientist, Immuno-Oncology",Other/Unspecified,Not specified,GSK,3.9,Biotech & Pharmaceuticals,Biotech & Pharmaceuticals,Cambridge,MA,10000+ employees,1830.0,$10+ billion (USD),62000,119000,90500.0,False,5838,0,0,0,0,0,0,0,1,0,0,0,0,0,0,0,0,0,0,0,0,0,0,0,0,0,0
Senior Data Scientist,Data Scientist,Senior,Factual,4.3,Computer Hardware & Software,Information Technology,Los Angeles,CA,51 to 200 employees,2008.0,Unknown / Non-Applicable,119000,187000,153000.0,False,2095,1,0,1,0,0,1,0,0,0,0,1,0,0,0,1,0,1,0,1,0,0,0,0,0,0,0
Products Data Analyst II,Analyst,Not specified,TriNet,3.3,Consulting,Business Services,Dublin,CA,1001 to 5000 employees,1988.0,$2 to $5 billion (USD),90000,157000,123500.0,False,7383,0,1,1,1,0,0,0,0,0,0,0,0,0,0,0,1,0,0,1,0,0,0,0,1,0,0
Lead Data Analyst,Analyst,Senior,Signpost,3.9,Internet,Information Technology,New York,NY,201 to 500 employees,2010.0,$10 to $25 million (USD),32000,62000,47000.0,False,2460,0,1,0,0,0,1,0,0,0,0,0,0,0,0,0,0,0,0,0,0,0,0,0,0,0,0
Data Science Engineer - Mobile,Other/Unspecified,Not specified,Adobe,4.0,Computer Hardware & Software,Information Technology,San Jose,CA,10000+ employees,1982.0,$5 to $10 billion (USD),116000,208000,162000.0,False,3864,1,1,1,1,1,0,1,0,0,0,1,0,0,0,1,0,0,0,1,0,0,0,0,0,0,0
Senior Data Scientist,Data Scientist,Senior,Sartorius,3.5,Biotech & Pharmaceuticals,Biotech & Pharmaceuticals,Arvada,CO,5001 to 10000 employees,1870.0,$1 to $2 billion (USD),102000,165000,133500.0,False,3555,1,0,1,0,0,0,0,0,0,0,1,0,0,0,0,0,0,0,1,0,0,0,0,0,0,0
Senior Data Engineer,Data Engineer,Senior,Equian LLC,3.2,Health Care Services & Hospitals,Health Care,Franklin,TN,1001 to 5000 employees,2004.0,Unknown / Non-Applicable,76000,142000,109000.0,False,1793,0,0,1,0,0,0,1,1,1,0,0,0,0,0,1,0,0,0,0,0,0,0,0,1,0,0
Machine Learning Engineer,ML Engineer,Not specified,Information Builders,3.2,Computer Hardware & Software,Information Technology,New York,NY,1001 to 5000 employees,1975.0,Unknown / Non-Applicable,91000,159000,125000.0,False,3516,1,1,1,0,0,0,0,1,1,1,1,0,1,1,1,0,1,0,0,0,0,0,0,1,0,0
"Sr Expert Data Science, Advanced Visual Analytics (Associate level)",Other/Unspecified,Senior,Novartis,3.8,Biotech & Pharmaceuticals,Biotech & Pharmaceuticals,Cambridge,MA,10000+ employees,1996.0,$10+ billion (USD),80000,133000,106500.0,False,4033,1,1,0,1,1,0,0,0,0,0,1,0,0,0,1,1,0,0,1,0,0,0,0,0,0,0
IT Associate Data Analyst,Analyst,Not specified,The Hanover Insurance Group,3.7,Insurance Carriers,Insurance,Worcester,MA,5001 to 10000 employees,1852.0,$5 to $10 billion (USD),39000,69000,54000.0,False,3783,0,1,0,0,0,0,0,0,0,0,0,0,0,0,0,0,0,0,0,0,0,0,0,0,0,0
Clinical Data Analyst,Analyst,Not specified,Greenway Health,3.0,Enterprise Software & Network Solutions,Information Technology,Tampa,FL,1001 to 5000 employees,1977.0,$100 to $500 million (USD),27000,48000,37500.0,False,6175,0,1,1,0,0,0,0,0,0,0,0,0,0,0,0,0,0,1,0,0,0,0,0,0,0,0
Business Data Analyst,Analyst,Not specified,Fareportal,3.8,Travel Agencies,Travel & Tourism,New York,NY,1001 to 5000 employees,2002.0,$2 to $5 billion (USD),36000,71000,53500.0,False,2479,1,1,1,0,1,0,0,0,0,0,0,0,0,0,0,0,0,0,1,0,0,0,0,0,0,0
Data Scientist - Sales,Data Scientist,Not specified,Confluent,4.7,Computer Hardware & Software,Information Technology,Mountain View,CA,501 to 1000 employees,2014.0,$100 to $500 million (USD),130000,206000,168000.0,False,3939,1,1,1,1,0,0,0,0,0,0,1,0,0,0,1,0,0,0,1,0,0,1,0,1,0,0
Senior Data Analyst,Analyst,Senior,Life360,3.9,Computer Hardware & Software,Information Technology,San Francisco,CA,51 to 200 employees,2008.0,Unknown / Non-Applicable,99000,178000,138500.0,False,5717,1,1,0,1,0,0,0,0,0,0,0,0,0,0,0,0,0,0,1,0,0,0,0,0,0,0
"Principal, Data Science - Advanced Analytics",Other/Unspecified,Senior,IQVIA,3.6,Biotech & Pharmaceuticals,Biotech & Pharmaceuticals,Plymouth Meeting,PA,10000+ employees,2017.0,$2 to $5 billion (USD),86000,137000,111500.0,False,5025,0,0,0,0,0,0,0,0,0,0,1,0,0,0,0,0,0,0,1,0,0,0,0,0,0,0
Data Science Project Manager,Manager,Not specified,MassMutual,3.6,Insurance Carriers,Insurance,Boston,MA,5001 to 10000 employees,1851.0,$10+ billion (USD),37000,100000,68500.0,False,5016,0,0,1,0,0,0,0,0,0,0,0,0,0,0,0,0,0,0,0,0,0,0,0,0,0,0
"Sr Scientist, Immuno-Oncology - Oncology",Other/Unspecified,Senior,GSK,3.9,Biotech & Pharmaceuticals,Biotech & Pharmaceuticals,Cambridge,MA,10000+ employees,1830.0,$10+ billion (USD),58000,111000,84500.0,False,6162,0,0,0,0,0,0,0,1,0,0,0,0,0,0,0,0,0,0,0,0,0,0,0,0,0,0
Senior Data Engineer,Data Engineer,Senior,Eventbrite,4.4,Internet,Information Technology,Nashville,TN,1001 to 5000 employees,2006.0,$100 to $500 million (USD),72000,133000,102500.0,False,6130,1,1,0,0,0,1,1,1,0,0,1,0,0,0,1,0,1,0,0,0,0,0,0,1,0,0
Research Scientist – Security and Privacy,Other/Unspecified,Not specified,Riverside Research Institute,3.6,Federal Agencies,Government,Beavercreek,OH,501 to 1000 employees,1967.0,$50 to $100 million (USD),61000,126000,93500.0,False,3673,1,0,0,0,0,0,0,0,0,0,1,0,0,0,0,0,0,0,0,0,0,1,0,0,0,0
Data Science Manager,Manager,Not specified,"Numeric, LLC",3.2,Staffing & Outsourcing,Business Services,Allentown,PA,1 to 50 employees,,$5 to $10 million (USD),95000,160000,127500.0,False,1642,0,0,1,0,0,0,0,0,0,0,1,0,0,0,0,0,0,0,1,0,0,0,0,0,0,0
Data Analyst 2 (Missionary Department),Analyst,Not specified,The Church of Jesus Christ of Latter-day Saints,4.2,Religious Organizations,Non-Profit,Salt Lake City,UT,10000+ employees,,Unknown / Non-Applicable,53000,91000,72000.0,False,2811,0,1,0,1,0,0,0,0,0,0,0,0,0,0,0,0,0,0,1,0,0,0,0,0,0,0
Supply Chain Data Analyst,Analyst,Not specified,Icon Health and Fitness,3.1,Consumer Products Manufacturing,Manufacturing,Logan,UT,1001 to 5000 employees,1977.0,$500 million to $1 billion (USD),33000,61000,47000.0,False,4386,1,1,1,1,0,0,0,0,0,0,0,0,0,0,0,0,0,0,1,0,0,0,0,0,0,0
Data Engineer - ETL,Data Engineer,Not specified,Shipt,3.8,Consumer Product Rental,Consumer Services,Birmingham,AL,501 to 1000 employees,2014.0,Unknown / Non-Applicable,44000,86000,65000.0,False,3585,1,1,1,0,0,1,0,1,0,0,0,0,0,0,1,0,1,0,0,0,0,0,0,0,0,0
Senior Data Analyst,Analyst,Senior,Novetta,4.0,Enterprise Software & Network Solutions,Information Technology,Herndon,VA,501 to 1000 employees,2012.0,$100 to $500 million (USD),69000,119000,94000.0,False,4096,1,1,0,0,0,0,0,0,0,0,0,0,0,0,1,0,0,0,1,0,0,0,0,0,0,0
Senior Data Engineer,Data Engineer,Senior,Novetta,4.0,Enterprise Software & Network Solutions,Information Technology,Reston,VA,501 to 1000 employees,2012.0,$100 to $500 million (USD),67000,127000,97000.0,False,6152,1,1,0,0,0,1,1,1,0,0,0,0,0,0,1,0,0,0,0,1,1,1,1,1,0,0
Data Modeler (Analytical Systems),Other/Unspecified,Not specified,MassMutual,3.6,Insurance Carriers,Insurance,Boston,MA,5001 to 10000 employees,1851.0,$10+ billion (USD),66000,117000,91500.0,False,4260,0,1,1,0,0,1,1,1,0,0,0,0,0,0,0,0,1,0,0,0,0,0,1,0,0,0
Data Scientist in Translational Medicine,Data Scientist,Not specified,Novartis,3.8,Biotech & Pharmaceuticals,Biotech & Pharmaceuticals,Cambridge,MA,10000+ employees,1996.0,$10+ billion (USD),86000,143000,114500.0,False,1768,0,0,0,0,0,0,0,0,0,0,0,0,0,0,0,0,0,0,1,0,0,0,0,0,0,0
Product Manager/Data Evangelist,Manager,Not specified,"Numeric, LLC",3.2,Staffing & Outsourcing,Business Services,Phila,PA,1 to 50 employees,,$5 to $10 million (USD),50000,98000,74000.0,False,1790,1,1,0,0,0,0,0,1,1,0,0,0,0,0,1,0,1,0,0,0,0,0,0,0,0,0
"Senior Data Scientist – Visualization, Novartis AI Innovation Lab",Data Scientist,Senior,Novartis,3.8,Biotech & Pharmaceuticals,Biotech & Pharmaceuticals,Cambridge,MA,10000+ employees,1996.0,$10+ billion (USD),92000,150000,121000.0,False,1919,0,0,0,0,0,0,0,0,0,0,0,0,0,0,0,0,0,0,0,0,0,0,0,0,0,0
Senior Data Analyst/Scientist,Analyst,Senior,Demandbase,4.5,Computer Hardware & Software,Information Technology,San Francisco,CA,201 to 500 employees,2006.0,$100 to $500 million (USD),90000,153000,121500.0,False,3726,0,1,0,1,1,0,0,0,0,0,1,0,0,0,0,0,0,1,1,0,0,0,0,0,0,0
"Scientist – Cancer Discovery, Molecular Assay",Other/Unspecified,Not specified,Monte Rosa Therapeutics,,-1,-1,Cambridge,MA,Unknown,,-1,100000,135000,117500.0,False,3437,0,0,1,0,0,0,0,0,0,0,0,0,0,0,0,0,0,0,0,0,0,0,0,0,0,0
Data Engineer,Data Engineer,Not specified,IntraEdge,3.4,IT Services,Information Technology,Scottsdale,AZ,501 to 1000 employees,2002.0,$50 to $100 million (USD),42000,79000,60500.0,False,1214,1,1,0,0,0,1,0,1,0,0,0,0,0,0,0,0,0,0,0,0,0,1,1,1,0,0
Big Data Engineer,Data Engineer,Not specified,Peraton,3.3,Aerospace & Defense,Aerospace & Defense,Chantilly,VA,1001 to 5000 employees,2017.0,$1 to $2 billion (USD),84000,153000,118500.0,False,3392,1,1,0,0,0,1,1,0,0,0,0,0,0,0,1,0,0,0,0,0,0,1,0,1,0,0
Data Engineering Analyst,Data Engineer,Not specified,COUNTRY Financial,3.8,Insurance Carriers,Insurance,Bloomington,IL,1001 to 5000 employees,1925.0,$2 to $5 billion (USD),44000,73000,58500.0,False,2327,1,1,1,0,0,1,1,0,0,0,1,0,0,0,0,0,0,0,0,1,0,1,0,0,0,0
Manager of Data Science,Manager,Not specified,Tapjoy,3.9,Internet,Information Technology,San Francisco,CA,201 to 500 employees,2007.0,$10 to $25 million (USD),40000,87000,63500.0,False,2340,1,1,0,0,0,1,0,0,0,0,1,1,1,0,0,0,0,0,0,0,0,0,0,0,0,0
Software Engineer (Data Scientist/Software Engineer) - SISW - MG,Data Scientist,Not specified,Mentor Graphics,4.1,Computer Hardware & Software,Information Technology,Fremont,CA,5001 to 10000 employees,1981.0,$1 to $2 billion (USD),72000,142000,107000.0,False,3329,1,0,1,0,0,0,0,0,0,0,1,0,1,0,0,0,0,0,0,0,0,0,0,0,0,0
Data Engineer,Data Engineer,Not specified,Maxar Technologies,3.7,Aerospace & Defense,Aerospace & Defense,Springfield,VA,5001 to 10000 employees,,$2 to $5 billion (USD),74000,137000,105500.0,False,2672,1,1,0,0,0,1,1,0,0,0,1,0,0,0,1,0,0,0,0,0,0,0,1,0,0,0
Data Engineer,Data Engineer,Not specified,ICW Group,2.8,Insurance Carriers,Insurance,San Diego,CA,501 to 1000 employees,1972.0,$500 million to $1 billion (USD),57000,109000,83000.0,False,3828,0,1,0,1,1,0,0,0,0,0,0,0,0,0,0,0,0,0,1,0,0,0,0,1,0,0
Associate Research Scientist I (Protein Expression and Production),Other/Unspecified,Not specified,Exelixis,3.0,Biotech & Pharmaceuticals,Biotech & Pharmaceuticals,Alameda,CA,501 to 1000 employees,1994.0,Unknown / Non-Applicable,59000,116000,87500.0,False,4586,0,0,1,0,0,0,0,0,0,0,0,0,0,0,0,0,0,0,0,0,0,0,0,0,0,0
"Director, Precision Medicine Clinical Biomarker Scientist",Director,Not specified,Pfizer,4.0,Biotech & Pharmaceuticals,Biotech & Pharmaceuticals,Cambridge,MA,10000+ employees,1849.0,$10+ billion (USD),136000,208000,172000.0,False,5701,0,0,0,0,0,0,0,1,0,0,0,0,0,0,0,0,0,0,0,0,0,0,0,0,0,0
Senior Formulations Scientist II,Other/Unspecified,Senior,Exelixis,3.0,Biotech & Pharmaceuticals,Biotech & Pharmaceuticals,Alameda,CA,501 to 1000 employees,1994.0,Unknown / Non-Applicable,71000,129000,100000.0,False,7777,0,0,1,0,0,0,0,0,0,0,0,0,0,0,0,0,0,0,1,0,0,0,0,0,0,0
Data Science Manager,Manager,Not specified,Grand Rounds,4.2,Health Care Services & Hospitals,Health Care,San Francisco,CA,501 to 1000 employees,2011.0,Unknown / Non-Applicable,171000,272000,221500.0,True,4951,1,1,1,0,0,0,0,0,1,1,1,0,0,0,0,0,0,0,1,0,0,0,0,0,0,0
Data Engineer,Data Engineer,Not specified,"SPINS, LLC",3.5,Consulting,Business Services,Chicago,IL,201 to 500 employees,1995.0,$50 to $100 million (USD),65000,126000,95500.0,False,3119,1,1,0,0,0,0,0,0,0,0,0,0,0,0,0,0,0,0,0,0,0,0,0,0,0,0
Senior Quantitative Analyst,Analyst,Senior,DTCC,3.3,Brokerage Services,Finance,Jersey City,NJ,1001 to 5000 employees,1973.0,$1 to $2 billion (USD),118000,228000,173000.0,False,4183,1,1,1,0,0,0,0,0,0,0,0,0,0,0,0,0,0,0,1,0,0,0,0,0,0,0
Principal Data Scientist,Data Scientist,Senior,AstraZeneca,3.9,Biotech & Pharmaceuticals,Biotech & Pharmaceuticals,Gaithersburg,MD,10000+ employees,1913.0,$10+ billion (USD),113000,182000,147500.0,False,4490,1,0,1,0,0,0,0,0,0,0,1,0,0,0,0,0,0,0,1,0,0,0,0,0,0,0
Data Engineer,Data Engineer,Not specified,Carilion Clinic,3.7,Health Care Services & Hospitals,Health Care,Roanoke,VA,10000+ employees,1899.0,$1 to $2 billion (USD),58000,104000,81000.0,False,2948,0,0,1,0,0,0,0,0,0,0,0,0,0,0,0,0,0,0,0,0,0,0,0,1,0,0
Sr. Data Analyst,Analyst,Senior,DoubleVerify,3.2,Internet,Information Technology,New York,NY,201 to 500 employees,2008.0,Unknown / Non-Applicable,58000,108000,83000.0,False,2689,1,1,1,0,0,1,0,0,0,0,0,0,0,0,0,0,1,0,0,0,0,0,0,0,0,0
Research Scientist or Senior Research Scientist - Computer Vision,Other/Unspecified,Senior,Mitsubishi Electric Research Labs,4.6,Research & Development,Business Services,Cambridge,MA,51 to 200 employees,1991.0,$5 to $10 million (USD),81000,161000,121000.0,False,3709,0,0,1,0,0,0,0,1,0,0,1,1,1,1,0,0,0,0,0,0,0,0,0,0,0,0
Data Analyst Chemist - Quality System Contractor,Analyst,Not specified,"Rodan and Fields, LLC",2.2,Beauty & Personal Accessories Stores,Retail,San Francisco,CA,501 to 1000 employees,2002.0,Unknown / Non-Applicable,61000,110000,85500.0,False,4402,0,0,1,0,0,0,0,0,0,0,0,0,0,0,0,0,0,0,1,0,0,0,0,0,0,0
Research Scientist / Principal Research Scientist - Multiphysical Systems,Other/Unspecified,Senior,Mitsubishi Electric Research Labs,4.6,Research & Development,Business Services,Cambridge,MA,51 to 200 employees,1991.0,$5 to $10 million (USD),115000,220000,167500.0,False,3180,0,0,0,0,0,0,0,0,0,0,0,0,0,0,0,0,0,0,0,0,0,0,0,0,0,0
"Research Scientist, Machine Learning Department",ML Engineer,Not specified,Software Engineering Institute,2.6,Colleges & Universities,Education,Pittsburgh,PA,501 to 1000 employees,1984.0,Unknown / Non-Applicable,71000,144000,107500.0,False,2011,1,0,0,0,0,0,0,0,0,0,1,0,0,0,0,0,0,0,1,0,0,0,0,0,0,0
Foundational Community Supports Data Analyst,Analyst,Not specified,DESC,3.4,Social Assistance,Non-Profit,Seattle,WA,501 to 1000 employees,1979.0,$25 to $50 million (USD),32000,57000,44500.0,False,4087,0,1,1,0,0,0,0,1,0,0,0,0,0,0,0,0,0,0,0,0,0,0,0,0,0,0
"Senior Health Data Analyst, Star Ratings",Analyst,Senior,Johns Hopkins Health Care,3.3,Health Care Services & Hospitals,Health Care,Glen Burnie,MD,1001 to 5000 employees,1889.0,$500 million to $1 billion (USD),79000,136000,107500.0,False,2606,0,1,0,0,0,0,0,0,0,0,0,0,0,0,0,0,0,0,1,0,0,0,0,0,0,0
"Principal Research Scientist/Team Lead, Medicinal Chemistry - Oncology",Other/Unspecified,Senior,Kronos Bio,,-1,-1,Cambridge,MA,Unknown,,Unknown / Non-Applicable,120000,145000,132500.0,False,3082,0,0,0,0,0,0,0,0,0,0,0,0,0,0,0,0,0,0,0,0,0,0,0,0,0,0
Sr. Data Analyst,Analyst,Senior,Community Behavioral Health,3.7,Health Care Services & Hospitals,Health Care,Philadelphia,PA,201 to 500 employees,1994.0,$500 million to $1 billion (USD),50000,89000,69500.0,False,1865,0,1,1,1,1,0,0,0,0,0,0,0,0,0,0,0,0,0,1,0,0,0,0,1,0,0
"Senior Engineer, Data Management Engineering",Other/Unspecified,Senior,Western Digital,3.5,Computer Hardware & Software,Information Technology,Milpitas,CA,10000+ employees,1970.0,$10+ billion (USD),68000,129000,98500.0,False,3926,1,1,0,0,0,1,1,1,0,0,0,0,0,0,0,0,0,0,0,0,0,0,1,1,0,0
Quality Control Scientist III- Analytical Development,Other/Unspecified,Not specified,Advanced BioScience Laboratories,2.7,Biotech & Pharmaceuticals,Biotech & Pharmaceuticals,Rockville,MD,201 to 500 employees,1961.0,$25 to $50 million (USD),48000,113000,80500.0,False,3570,0,0,1,0,0,0,0,0,0,0,0,0,0,0,0,0,0,0,0,0,0,0,0,0,0,0
"Clinical Scientist, Clinical Development",Other/Unspecified,Not specified,FORMA THERAPEUTICS,3.8,Biotech & Pharmaceuticals,Biotech & Pharmaceuticals,Watertown,MA,51 to 200 employees,2008.0,$10 to $25 million (USD),54000,94000,37000.0,False,3747,0,0,1,0,0,0,0,0,0,1,0,0,0,0,0,0,0,0,0,0,0,0,0,0,0,0
Software Engineer Staff Scientist: Human Language Technologies,Other/Unspecified,Not specified,Raytheon,3.7,Aerospace & Defense,Aerospace & Defense,Cambridge,MD,10000+ employees,1922.0,$10+ billion (USD),74000,124000,99000.0,False,4431,1,1,0,0,0,0,0,0,0,0,1,0,0,0,0,0,0,1,1,1,0,1,0,0,0,0
"Manager, Safety Scientist, Medical Safety & Risk Management",Manager,Not specified,Agios Pharmaceuticals,3.8,Biotech & Pharmaceuticals,Biotech & Pharmaceuticals,Cambridge,MA,501 to 1000 employees,2008.0,$50 to $100 million (USD),68000,125000,96500.0,False,4465,0,0,1,0,0,0,0,0,0,1,0,0,0,0,0,0,0,0,0,0,0,0,0,0,0,0
"Assistant Director/Director, Office of Data Science",Director,Not specified,Liberty Mutual Insurance,3.3,Insurance Carriers,Insurance,Boston,MA,10000+ employees,1912.0,$10+ billion (USD),39000,67000,53000.0,False,3448,0,0,0,0,0,0,0,0,0,0,1,0,0,0,0,0,0,1,1,0,0,0,0,0,0,0
Sr. Data Engineer | Big Data SaaS Pipeline,Data Engineer,Senior,Bridg,2.7,Enterprise Software & Network Solutions,Information Technology,Los Angeles,CA,1 to 50 employees,2011.0,Unknown / Non-Applicable,71000,135000,103000.0,False,4571,0,0,0,0,0,1,1,1,0,0,1,0,0,0,1,0,0,0,0,0,0,0,0,1,0,0
Scientist - CVRM Metabolism - in vivo pharmacology,Other/Unspecified,Not specified,AstraZeneca,3.9,Biotech & Pharmaceuticals,Biotech & Pharmaceuticals,Gaithersburg,MD,10000+ employees,1913.0,$10+ billion (USD),61000,123000,92000.0,False,2391,0,0,0,0,0,0,0,0,0,0,0,0,0,0,0,0,0,0,0,0,0,0,0,0,0,0
Data Scientist,Data Scientist,Not specified,TRANZACT,3.6,Advertising & Marketing,Business Services,Fort Lee,NJ,1001 to 5000 employees,1989.0,Unknown / Non-Applicable,87000,141000,114000.0,False,4648,1,1,1,1,1,0,1,1,0,0,1,0,0,0,0,0,0,0,1,0,0,0,0,0,0,0
Data Scientist,Data Scientist,Not specified,Charter Spectrum,3.5,K-12 Education,Education,Maryland Heights,MO,1 to 50 employees,,$5 to $10 million (USD),71000,121000,96000.0,False,3775,0,1,1,0,0,0,1,0,0,0,0,0,0,0,0,0,0,0,1,0,0,0,0,0,0,0
Data Scientist,Data Scientist,Not specified,CompQsoft,3.4,Consulting,Business Services,Washington,DC,51 to 200 employees,1997.0,$10 to $25 million (USD),72000,121000,96500.0,False,4662,1,0,0,0,0,0,0,0,0,0,1,0,1,0,0,0,0,0,1,0,0,0,0,0,0,0
Data Scientist,Data Scientist,Not specified,Solugenix Corporation,4.3,IT Services,Information Technology,Phoenix,AZ,201 to 500 employees,1969.0,$50 to $100 million (USD),51000,88000,69500.0,False,3728,1,1,1,0,0,0,0,0,0,0,1,1,0,0,0,1,0,1,1,0,0,0,0,0,0,0
Data Scientist,Data Scientist,Not specified,West Coast University,2.6,Colleges & Universities,Education,Irvine,CA,10000+ employees,1997.0,Unknown / Non-Applicable,101000,141000,121000.0,False,2399,1,1,0,1,1,0,0,0,0,0,1,0,0,0,0,1,0,0,1,0,0,0,0,0,0,0
Data Scientist (Warehouse Automation),Data Scientist,Not specified,SoftBank Robotics,3.8,Consumer Products Manufacturing,Manufacturing,San Francisco,CA,201 to 500 employees,2005.0,$25 to $50 million (USD),79000,127000,103000.0,False,2730,1,1,0,1,1,0,0,1,0,0,0,0,0,0,0,0,0,0,1,0,0,0,0,0,0,0
Jr. Data Scientist,Data Scientist,Junior,MITRE,3.2,Federal Agencies,Government,McLean,VA,5001 to 10000 employees,1958.0,$1 to $2 billion (USD),81000,132000,106500.0,False,3170,1,1,1,1,0,1,1,0,0,0,1,0,0,0,0,1,0,0,1,0,0,0,0,0,0,0
Senior Data Scientist,Data Scientist,Senior,SkySync,5.0,Computer Hardware & Software,Information Technology,Ann Arbor,MI,51 to 200 employees,2011.0,Unknown / Non-Applicable,120000,140000,130000.0,False,3808,0,0,1,0,0,0,0,0,0,0,1,1,0,0,0,0,0,0,1,0,0,0,0,0,0,0
Data Architect / Data Modeler,Other/Unspecified,Not specified,Medidata Solutions,4.3,Enterprise Software & Network Solutions,Information Technology,New York,NY,1001 to 5000 employees,1999.0,$500 million to $1 billion (USD),63000,110000,86500.0,False,4023,0,1,1,0,0,0,0,1,0,0,0,0,0,0,0,0,0,0,0,0,0,0,1,0,0,0
Data Scientist,Data Scientist,Not specified,"DatamanUSA, LLC",3.4,IT Services,Information Technology,Olympia,WA,51 to 200 employees,,$5 to $10 million (USD),65000,113000,89000.0,False,407,0,0,0,0,0,0,0,0,0,0,0,0,0,0,0,0,0,0,0,0,0,0,0,0,0,0
"Associate Scientist / Sr. Associate Scientist, Antibody Discovery",Other/Unspecified,Senior,23andMe,4.0,Biotech & Pharmaceuticals,Biotech & Pharmaceuticals,South San Francisco,CA,501 to 1000 employees,2006.0,Unknown / Non-Applicable,59000,125000,92000.0,False,3911,0,0,1,0,0,0,0,1,0,0,0,0,0,0,0,0,0,0,0,0,0,0,0,0,0,0
Machine Learning Engineer (NLP),ML Engineer,Not specified,CK-12 Foundation,4.1,K-12 Education,Education,Palo Alto,CA,1 to 50 employees,2007.0,Unknown / Non-Applicable,80000,142000,111000.0,False,3478,1,0,1,0,0,0,0,1,0,0,1,1,1,1,0,0,0,1,0,0,0,0,0,0,0,0
Data Engineer,Data Engineer,Not specified,Fivestars,3.9,Internet,Information Technology,San Francisco,CA,201 to 500 employees,2011.0,$100 to $500 million (USD),62000,113000,87500.0,False,3813,1,1,1,0,0,0,0,1,0,0,0,0,0,0,0,0,0,1,0,0,0,0,0,0,0,0
